user_id,user_name,company_name,office_name,group_name,guaranteed_team,team_daily_priority,individual_priority,has_assigned_space,requests_3mo,bookings_3mo,rejected_3mo,unused_bookings_3mo,nudge_offences_3mo,approval_rate_pct,rejection_rate_pct,used_rate_pct,company_id,office_id,Underserved Tier
user-00001,User 00001,Company 157,Office 098,Group 042,FALSE,"["""", """", """", """", """", """", """"]",,No,3,3,0,3,1,1,5,4,,0157,Z
user-00002,User 00002,Company 162,Office 083,Group 034,FALSE,"["""", ""6"", ""6"", ""6"", ""6"", ""6"", """"]",6,No,46,35,11,1,0,4,29,3,,0162,A
user-00003,User 00003,Company 148,Office 093,Group 027,FALSE,"["""", """", """", """", """", """", """"]",,No,35,20,15,1,0,16,20,0,,0148,B
user-00004,User 00004,Company 080,Office 016,Group 026,FALSE,"["""", """", """", """", """", """", """"]",,No,41,11,30,0,0,1,26,2,,0080,A
user-00005,User 00005,Company 153,Office 086,Group 040,FALSE,"["""", """", """", """", """", """", """"]",,No,23,14,9,3,0,4,24,1,,0153,B
user-00006,User 00006,Company 047,Office 048,Group 068,FALSE,"["""", """", """", """", """", """", """"]",,No,52,28,24,3,0,8,17,0,,0047,A
user-00007,User 00007,Company 152,Office 094,Group 070,FALSE,"["""", """", """", """", """", """", """"]",,No,25,12,13,2,1,11,17,1,,0152,B
user-00008,User 00008,Company 109,Office 003,Group 007,FALSE,"["""", """", """", """", """", """", """"]",,No,40,10,30,2,0,11,23,3,,0109,B
user-00009,User 00009,Company 105,Office 024,Group 023,TRUE,"["""", ""4"", ""4"", ""4"", ""4"", ""4"", """"]",4,No,43,29,14,1,0,3,24,0,,0105,A
user-00010,User 00010,Company 149,Office 060,Group 026,FALSE,"["""", """", """", """", """", """", """"]",,No,38,28,10,4,0,24,14,2,,0149,B
user-00011,User 00011,Company 004,Office 027,Group 015,FALSE,"["""", """", """", """", """", """", """"]",,No,37,24,13,2,0,6,18,1,,0004,B
user-00012,User 00012,Company 104,Office 080,Group 078,FALSE,"["""", """", """", """", """", """", """"]",,No,49,15,34,2,0,0,23,2,,0104,A
user-00013,User 00013,Company 131,Office 043,Group 034,FALSE,"["""", """", """", """", """", """", """"]",,No,47,18,29,1,0,7,23,3,,0131,A
user-00014,User 00014,Company 055,Office 114,Group 047,FALSE,"["""", """", """", """", """", """", """"]",,No,48,31,17,4,0,7,10,4,,0055,P
user-00015,User 00015,Company 166,Office 010,Group 021,FALSE,"["""", """", """", """", """", """", """"]",,No,2,0,2,0,0,2,10,0,,0166,Z
user-00016,User 00016,Company 051,Office 017,Group 067,FALSE,"["""", """", """", """", """", """", """"]",,No,53,33,20,5,0,4,16,2,,0051,A
user-00017,User 00017,Company 107,Office 084,Group 065,FALSE,"["""", """", """", """", """", """", """"]",,No,47,25,22,1,0,4,30,4,,0107,A
user-00018,User 00018,Company 014,Office 017,Group 085,TRUE,"["""", """", """", """", """", """", """"]",,No,29,24,5,0,0,3,23,3,,0014,B
user-00019,User 00019,Company 023,Office 040,Group 052,TRUE,"["""", """", """", """", """", """", """"]",,No,30,19,11,2,0,13,14,2,,0023,B
user-00020,User 00020,Company 125,Office 056,Group 009,FALSE,"["""", """", """", """", """", """", """"]",,No,0,0,0,0,0,0,5,0,,0125,Z
user-00021,User 00021,Company 166,Office 103,Group 031,FALSE,"["""", ""2"", ""2"", ""2"", ""2"", ""2"", """"]",2,No,34,28,6,2,0,18,22,2,,0166,B
user-00022,User 00022,Company 029,Office 098,Group 037,FALSE,"["""", """", """", """", """", """", """"]",,No,3,3,0,0,0,6,14,1,,0029,Z
user-00023,User 00023,Company 010,Office 046,Group 052,FALSE,"["""", """", """", """", """", """", """"]",,No,53,31,22,2,0,0,18,2,,0010,A
user-00024,User 00024,Company 101,Office 006,Group 018,FALSE,"["""", ""5"", ""5"", ""5"", ""5"", ""5"", """"]",5,No,43,11,32,4,0,7,14,3,,0101,A
user-00025,User 00025,Company 077,Office 011,Group 018,FALSE,"["""", """", """", """", """", """", """"]",,Yes,21,20,1,0,0,5,22,0,,0077,C
user-00026,User 00026,Company 094,Office 115,Group 026,FALSE,"["""", ""2"", ""2"", ""2"", ""2"", ""2"", """"]",2,No,30,30,0,3,0,2,10,2,,0094,B
user-00027,User 00027,Company 155,Office 097,Group 015,FALSE,"["""", """", """", """", """", """", """"]",,No,53,44,9,1,0,8,19,1,,0155,A
user-00028,User 00028,Company 117,Office 002,Group 089,TRUE,"["""", """", """", """", """", """", """"]",,No,19,17,2,2,0,6,23,0,,0117,C
user-00029,User 00029,Company 159,Office 059,Group 012,FALSE,"["""", """", """", """", """", """", """"]",,No,47,38,9,3,1,8,16,5,,0159,A
user-00030,User 00030,Company 075,Office 025,Group 086,TRUE,"["""", ""3"", ""3"", ""3"", ""3"", ""3"", """"]",3,No,44,26,18,5,0,7,13,1,,0075,M
user-00031,User 00031,Company 129,Office 003,Group 090,TRUE,"["""", """", """", """", """", """", """"]",,No,28,16,12,7,0,14,15,0,,0129,B
user-00032,User 00032,Company 149,Office 017,Group 055,FALSE,"["""", """", """", """", """", """", """"]",,No,13,11,2,2,0,13,8,0,,0149,C
user-00033,User 00033,Company 139,Office 019,Group 020,FALSE,"["""", """", """", """", """", """", """"]",,No,49,8,41,3,0,13,21,3,,0139,A
user-00034,User 00034,Company 068,Office 096,Group 016,FALSE,"["""", """", """", """", """", """", """"]",,No,34,14,20,4,0,3,25,1,,0068,A
user-00035,User 00035,Company 043,Office 102,Group 037,FALSE,"["""", """", """", """", """", """", """"]",,No,48,30,18,0,0,12,21,3,,0043,A
user-00036,User 00036,Company 053,Office 038,Group 072,FALSE,"["""", ""3"", ""3"", ""3"", ""3"", ""3"", """"]",3,No,2,1,1,0,0,0,13,0,,0053,Z
user-00037,User 00037,Company 080,Office 028,Group 006,FALSE,"["""", """", """", """", """", """", """"]",,No,50,9,41,3,0,0,20,1,,0080,A
user-00038,User 00038,Company 171,Office 011,Group 027,FALSE,"["""", """", """", """", """", """", """"]",,No,2,0,2,0,0,5,7,0,,0171,Z
user-00039,User 00039,Company 025,Office 022,Group 074,FALSE,"["""", ""2"", ""2"", ""2"", ""2"", ""2"", """"]",2,No,42,42,0,2,0,7,22,4,,0025,A
user-00040,User 00040,Company 032,Office 109,Group 074,TRUE,"["""", """", """", """", """", """", """"]",,No,3,0,3,0,0,0,10,0,,0032,Z
user-00041,User 00041,Company 059,Office 055,Group 015,FALSE,"["""", """", """", """", """", """", """"]",,No,6,2,4,2,0,8,7,0,,0059,Z
user-00042,User 00042,Company 083,Office 037,Group 031,FALSE,"["""", """", """", """", """", """", """"]",,No,53,4,49,1,0,5,14,0,,0083,A
user-00043,User 00043,Company 026,Office 056,Group 036,FALSE,"["""", """", """", """", """", """", """"]",,No,42,22,20,2,0,14,19,5,,0026,B
user-00044,User 00044,Company 058,Office 117,Group 022,FALSE,"["""", """", """", """", """", """", """"]",,No,3,1,2,1,0,12,8,4,,0058,Z
user-00045,User 00045,Company 038,Office 080,Group 018,FALSE,"["""", """", """", """", """", """", """"]",,No,50,35,15,2,0,0,23,1,,0038,A
user-00046,User 00046,Company 014,Office 043,Group 064,FALSE,"["""", """", """", """", """", """", """"]",,No,47,44,3,2,0,5,19,4,,0014,A
user-00047,User 00047,Company 097,Office 082,Group 010,FALSE,"["""", """", """", """", """", """", """"]",,No,1,1,0,0,0,0,7,0,,0097,Z
user-00048,User 00048,Company 161,Office 048,Group 029,FALSE,"["""", ""5"", ""5"", ""5"", ""5"", ""5"", """"]",5,No,4,4,0,0,0,3,13,0,,0161,Z
user-00049,User 00049,Company 122,Office 048,Group 041,FALSE,"["""", """", """", """", """", """", """"]",,No,43,3,40,3,0,12,6,7,,0122,P
user-00050,User 00050,Company 069,Office 120,Group 066,FALSE,"["""", """", """", """", """", """", """"]",,No,37,17,20,7,0,9,14,3,,0069,M
user-00051,User 00051,Company 125,Office 010,Group 053,FALSE,"["""", """", """", """", """", """", """"]",,No,44,17,27,2,0,14,8,0,,0125,M
user-00052,User 00052,Company 057,Office 087,Group 042,FALSE,"["""", """", """", """", """", """", """"]",,No,47,41,6,2,0,9,19,2,,0057,A
user-00053,User 00053,Company 104,Office 085,Group 062,FALSE,"["""", """", """", """", """", """", """"]",,No,32,5,27,5,0,8,14,0,,0104,B
user-00054,User 00054,Company 071,Office 019,Group 003,TRUE,"["""", """", """", """", """", """", """"]",,No,50,42,8,3,2,15,6,3,,0071,X
user-00055,User 00055,Company 129,Office 019,Group 078,FALSE,"["""", """", """", """", """", """", """"]",,No,47,4,43,2,0,5,18,3,,0129,A
user-00056,User 00056,Company 028,Office 051,Group 035,FALSE,"["""", """", """", """", """", """", """"]",,No,37,21,16,3,0,6,23,8,,0028,B
user-00057,User 00057,Company 061,Office 117,Group 063,FALSE,"["""", """", """", """", """", """", """"]",,No,47,17,30,1,0,0,15,2,,0061,X
user-00058,User 00058,Company 039,Office 059,Group 070,FALSE,"["""", """", """", """", """", """", """"]",,No,58,44,14,9,0,16,4,4,,0039,P
user-00059,User 00059,Company 092,Office 022,Group 014,FALSE,"["""", """", """", """", """", """", """"]",,No,53,33,20,1,0,13,12,0,,0092,A
user-00060,User 00060,Company 163,Office 067,Group 042,FALSE,"["""", """", """", """", """", """", """"]",,No,21,20,1,4,0,0,18,1,,0163,C
user-00061,User 00061,Company 093,Office 089,Group 028,FALSE,"["""", """", """", """", """", """", """"]",,No,53,43,10,3,0,12,19,2,,0093,A
user-00062,User 00062,Company 024,Office 008,Group 086,FALSE,"["""", """", """", """", """", """", """"]",,No,2,2,0,0,0,0,3,0,,0024,Z
user-00063,User 00063,Company 036,Office 071,Group 083,FALSE,"["""", """", """", """", """", """", """"]",,No,49,9,40,5,0,9,7,0,,0036,A
user-00064,User 00064,Company 043,Office 074,Group 016,FALSE,"["""", """", """", """", """", """", """"]",,No,42,32,10,4,0,13,3,2,,0043,P
user-00065,User 00065,Company 163,Office 043,Group 005,FALSE,"["""", """", """", """", """", """", """"]",,No,40,21,19,1,0,14,19,3,,0163,A
user-00066,User 00066,Company 057,Office 108,Group 012,FALSE,"["""", """", """", """", """", """", """"]",,No,2,1,1,0,0,0,0,0,,0057,Z
user-00067,User 00067,Company 159,Office 100,Group 027,FALSE,"["""", """", """", """", """", """", """"]",,No,18,15,3,3,0,11,19,0,,0159,C
user-00068,User 00068,Company 061,Office 064,Group 025,FALSE,"["""", """", """", """", """", """", """"]",,No,53,34,19,2,0,0,23,6,,0061,A
user-00069,User 00069,Company 116,Office 002,Group 032,FALSE,"["""", ""1"", ""1"", ""1"", ""1"", ""1"", """"]",1,No,30,21,9,5,0,4,26,1,,0116,B
user-00070,User 00070,Company 068,Office 051,Group 032,FALSE,"["""", ""5"", ""5"", ""5"", ""5"", ""5"", """"]",5,No,39,26,13,10,0,17,0,5,,0068,M
user-00071,User 00071,Company 101,Office 033,Group 080,FALSE,"["""", """", """", """", """", """", """"]",,No,44,38,6,9,1,12,6,2,,0101,M
user-00072,User 00072,Company 134,Office 077,Group 034,FALSE,"["""", """", """", """", """", """", """"]",,No,48,30,18,3,0,13,11,4,,0134,A
user-00073,User 00073,Company 095,Office 072,Group 074,FALSE,"["""", ""3"", ""3"", ""3"", ""3"", ""3"", """"]",3,No,49,48,1,3,0,11,2,7,,0095,P
user-00074,User 00074,Company 125,Office 028,Group 012,FALSE,"["""", """", """", """", """", """", """"]",,No,52,41,11,4,0,12,23,4,,0125,A
user-00075,User 00075,Company 067,Office 063,Group 005,FALSE,"["""", """", """", """", """", """", """"]",,No,39,33,6,4,0,5,22,2,,0067,B
user-00076,User 00076,Company 152,Office 026,Group 003,FALSE,"["""", """", """", """", """", """", """"]",,No,46,40,6,2,0,4,16,6,,0152,A
user-00077,User 00077,Company 092,Office 031,Group 007,FALSE,"["""", """", """", """", """", """", """"]",,No,21,5,16,2,0,7,12,1,,0092,B
user-00078,User 00078,Company 092,Office 063,Group 046,FALSE,"["""", """", """", """", """", """", """"]",,No,4,3,1,2,0,2,7,0,,0092,Z
user-00079,User 00079,Company 072,Office 046,Group 019,TRUE,"["""", """", """", """", """", """", """"]",,No,55,47,8,2,0,6,15,0,,0072,A
user-00080,User 00080,Company 053,Office 055,Group 057,FALSE,"["""", """", """", """", """", """", """"]",,No,37,18,19,5,0,12,19,3,,0053,B
user-00081,User 00081,Company 099,Office 007,Group 019,TRUE,"["""", """", """", """", """", """", """"]",,No,39,12,27,1,0,15,20,3,,0099,M
user-00082,User 00082,Company 120,Office 008,Group 012,FALSE,"["""", """", """", """", """", """", """"]",,No,65,54,11,4,0,5,18,2,,0120,A
user-00083,User 00083,Company 079,Office 081,Group 038,FALSE,"["""", """", """", """", """", """", """"]",,No,51,47,4,6,0,3,21,4,,0079,A
user-00084,User 00084,Company 147,Office 063,Group 042,FALSE,"["""", """", """", """", """", """", """"]",,No,52,19,33,3,0,2,21,2,,0147,A
user-00085,User 00085,Company 165,Office 057,Group 013,FALSE,"["""", """", """", """", """", """", """"]",,No,2,1,1,1,1,0,5,3,,0165,Z
user-00086,User 00086,Company 104,Office 010,Group 058,FALSE,"["""", """", """", """", """", """", """"]",,No,37,4,33,2,0,3,12,5,,0104,B
user-00087,User 00087,Company 116,Office 011,Group 018,FALSE,"["""", """", """", """", """", """", """"]",,No,2,0,2,0,0,13,0,0,,0116,Z
user-00088,User 00088,Company 045,Office 050,Group 042,FALSE,"["""", """", """", """", """", """", """"]",,No,41,31,10,9,1,21,20,0,,0045,M
user-00089,User 00089,Company 044,Office 117,Group 018,FALSE,"["""", """", """", """", """", """", """"]",,No,35,10,25,1,0,10,16,3,,0044,A
user-00090,User 00090,Company 164,Office 014,Group 082,FALSE,"["""", ""1"", ""1"", ""1"", ""1"", ""1"", """"]",1,No,54,30,24,5,0,6,18,3,,0164,A
user-00091,User 00091,Company 127,Office 077,Group 088,FALSE,"["""", """", """", """", """", """", """"]",,No,42,18,24,6,0,9,19,1,,0127,B
user-00092,User 00092,Company 116,Office 045,Group 042,FALSE,"["""", """", """", """", """", """", """"]",,No,47,28,19,5,0,5,17,4,,0116,A
user-00093,User 00093,Company 069,Office 078,Group 068,FALSE,"["""", """", """", """", """", """", """"]",,No,44,36,8,1,1,7,11,2,,0069,A
user-00094,User 00094,Company 078,Office 008,Group 010,FALSE,"["""", """", """", """", """", """", """"]",,No,1,0,1,0,0,10,17,0,,0078,Z
user-00095,User 00095,Company 102,Office 015,Group 032,FALSE,"["""", """", """", """", """", """", """"]",,Yes,59,22,37,1,0,13,23,1,,0102,A
user-00096,User 00096,Company 088,Office 073,Group 015,FALSE,"["""", """", """", """", """", """", """"]",,No,31,28,3,5,0,19,11,4,,0088,M
user-00097,User 00097,Company 126,Office 060,Group 004,FALSE,"["""", """", """", """", """", """", """"]",,No,15,9,6,1,0,0,13,3,,0126,C
user-00098,User 00098,Company 131,Office 050,Group 062,FALSE,"["""", """", """", """", """", """", """"]",,Yes,31,19,12,1,0,13,14,3,,0131,A
user-00099,User 00099,Company 088,Office 029,Group 025,FALSE,"["""", """", """", """", """", """", """"]",,No,19,15,4,4,0,8,16,0,,0088,C
user-00100,User 00100,Company 147,Office 070,Group 061,FALSE,"["""", """", """", """", """", """", """"]",,No,39,29,10,3,0,2,20,2,,0147,A
user-00101,User 00101,Company 142,Office 064,Group 060,FALSE,"["""", """", """", """", """", """", """"]",,No,16,9,7,0,0,11,10,0,,0142,C
user-00102,User 00102,Company 049,Office 076,Group 073,FALSE,"["""", """", """", """", """", """", """"]",,No,2,0,2,0,0,4,13,0,,0049,Z
user-00103,User 00103,Company 087,Office 080,Group 015,FALSE,"["""", """", """", """", """", """", """"]",,No,27,10,17,3,2,11,23,5,,0087,B
user-00104,User 00104,Company 133,Office 052,Group 062,FALSE,"["""", """", """", """", """", """", """"]",,No,51,6,45,1,0,0,14,7,,0133,A
user-00105,User 00105,Company 050,Office 072,Group 087,FALSE,"["""", """", """", """", """", """", """"]",,No,52,27,25,5,0,15,16,0,,0050,A
user-00106,User 00106,Company 006,Office 024,Group 028,FALSE,"["""", ""2"", ""2"", ""2"", ""2"", ""2"", """"]",2,Yes,45,36,9,5,0,0,23,3,,0006,A
user-00107,User 00107,Company 140,Office 080,Group 081,FALSE,"["""", """", """", """", """", """", """"]",,No,53,9,44,3,0,19,14,3,,0140,P
user-00108,User 00108,Company 058,Office 018,Group 057,FALSE,"["""", """", """", """", """", """", """"]",,No,3,2,1,1,0,7,15,1,,0058,Z
user-00109,User 00109,Company 037,Office 063,Group 080,FALSE,"["""", """", """", """", """", """", """"]",,No,50,18,32,2,1,13,20,6,,0037,A
user-00110,User 00110,Company 057,Office 113,Group 040,FALSE,"["""", """", """", """", """", """", """"]",,No,2,2,0,2,0,6,8,0,,0057,Z
user-00111,User 00111,Company 064,Office 063,Group 006,FALSE,"["""", """", """", """", """", """", """"]",,No,23,19,4,2,0,0,23,0,,0064,C
user-00112,User 00112,Company 105,Office 046,Group 005,TRUE,"["""", """", """", """", """", """", """"]",,No,40,12,28,3,0,7,22,1,,0105,B
user-00113,User 00113,Company 155,Office 061,Group 004,FALSE,"["""", """", """", """", """", """", """"]",,No,37,34,3,5,0,20,9,2,,0155,M
user-00114,User 00114,Company 004,Office 055,Group 042,FALSE,"["""", """", """", """", """", """", """"]",,No,12,10,2,1,0,15,9,1,,0004,C
user-00115,User 00115,Company 003,Office 046,Group 042,TRUE,"["""", ""5"", ""5"", ""5"", ""5"", ""5"", """"]",5,No,46,18,28,1,0,0,31,1,,0003,A
user-00116,User 00116,Company 102,Office 075,Group 070,FALSE,"["""", """", """", """", """", """", """"]",,No,4,2,2,0,0,5,7,0,,0102,Z
user-00117,User 00117,Company 002,Office 091,Group 085,FALSE,"["""", """", """", """", """", """", """"]",,No,39,29,10,5,0,10,17,1,,0002,M
user-00118,User 00118,Company 095,Office 087,Group 087,FALSE,"["""", """", """", """", """", """", """"]",,No,41,11,30,10,0,15,21,4,,0095,M
user-00119,User 00119,Company 159,Office 118,Group 020,FALSE,"["""", """", """", """", """", """", """"]",,No,56,40,16,2,0,0,19,0,,0159,A
user-00120,User 00120,Company 161,Office 005,Group 012,FALSE,"["""", """", """", """", """", """", """"]",,No,33,17,16,2,0,19,11,3,,0161,M
user-00121,User 00121,Company 026,Office 071,Group 058,FALSE,"["""", ""2"", ""2"", ""2"", ""2"", ""2"", """"]",2,No,43,38,5,3,0,5,15,3,,0026,A
user-00122,User 00122,Company 126,Office 032,Group 045,FALSE,"["""", """", """", """", """", """", """"]",,No,59,52,7,2,1,19,17,2,,0126,A
user-00123,User 00123,Company 006,Office 072,Group 083,TRUE,"["""", """", """", """", """", """", """"]",,No,53,49,4,1,0,4,24,1,,0006,A
user-00124,User 00124,Company 003,Office 084,Group 042,FALSE,"["""", ""4"", ""4"", ""4"", ""4"", ""4"", """"]",4,No,52,11,41,1,0,4,12,3,,0003,A
user-00125,User 00125,Company 131,Office 071,Group 088,FALSE,"["""", ""5"", ""5"", ""5"", ""5"", ""5"", """"]",5,No,45,3,42,1,0,11,16,0,,0131,X
user-00126,User 00126,Company 039,Office 011,Group 039,FALSE,"["""", """", """", """", """", """", """"]",,No,1,1,0,0,0,7,10,1,,0039,Z
user-00127,User 00127,Company 117,Office 079,Group 080,FALSE,"["""", """", """", """", """", """", """"]",,No,47,28,19,2,0,12,23,1,,0117,B
user-00128,User 00128,Company 076,Office 030,Group 031,FALSE,"["""", """", """", """", """", """", """"]",,No,54,12,42,4,0,0,24,3,,0076,A
user-00129,User 00129,Company 156,Office 057,Group 028,FALSE,"["""", """", """", """", """", """", """"]",,No,57,57,0,1,0,3,23,3,,0156,A
user-00130,User 00130,Company 061,Office 064,Group 006,FALSE,"["""", """", """", """", """", """", """"]",,No,48,38,10,3,0,13,19,3,,0061,A
user-00131,User 00131,Company 126,Office 036,Group 022,FALSE,"["""", """", """", """", """", """", """"]",,No,3,1,2,0,0,0,5,1,,0126,Z
user-00132,User 00132,Company 071,Office 085,Group 037,FALSE,"["""", """", """", """", """", """", """"]",,No,5,3,2,3,0,9,10,0,,0071,Z
user-00133,User 00133,Company 157,Office 038,Group 079,TRUE,"["""", """", """", """", """", """", """"]",,No,49,23,26,11,1,24,14,2,,0157,M
user-00134,User 00134,Company 168,Office 013,Group 030,FALSE,"["""", """", """", """", """", """", """"]",,Yes,30,28,2,3,0,13,28,3,,0168,B
user-00135,User 00135,Company 110,Office 026,Group 025,FALSE,"["""", ""6"", ""6"", ""6"", ""6"", ""6"", """"]",6,No,33,27,6,5,0,12,24,4,,0110,B
user-00136,User 00136,Company 131,Office 109,Group 067,FALSE,"["""", """", """", """", """", """", """"]",,No,44,9,35,0,0,0,19,2,,0131,A
user-00137,User 00137,Company 171,Office 053,Group 040,FALSE,"["""", """", """", """", """", """", """"]",,No,47,29,18,9,0,11,20,1,,0171,M
user-00138,User 00138,Company 007,Office 118,Group 050,FALSE,"["""", """", """", """", """", """", """"]",,No,50,25,25,3,0,0,14,4,,0007,A
user-00139,User 00139,Company 164,Office 074,Group 022,FALSE,"["""", """", """", """", """", """", """"]",,No,55,50,5,1,0,5,18,2,,0164,X
user-00140,User 00140,Company 097,Office 038,Group 065,FALSE,"["""", """", """", """", """", """", """"]",,No,44,14,30,3,0,2,16,6,,0097,A
user-00141,User 00141,Company 030,Office 058,Group 031,FALSE,"["""", """", """", """", """", """", """"]",,No,29,24,5,3,0,5,20,5,,0030,B
user-00142,User 00142,Company 020,Office 072,Group 009,FALSE,"["""", """", """", """", """", """", """"]",,No,38,21,17,1,1,5,20,2,,0020,X
user-00143,User 00143,Company 118,Office 083,Group 026,FALSE,"["""", """", """", """", """", """", """"]",,No,33,33,0,9,0,16,13,0,,0118,M
user-00144,User 00144,Company 156,Office 083,Group 067,FALSE,"["""", """", """", """", """", """", """"]",,No,37,16,21,0,0,15,14,1,,0156,B
user-00145,User 00145,Company 146,Office 076,Group 005,FALSE,"["""", """", """", """", """", """", """"]",,No,50,43,7,2,0,6,17,1,,0146,A
user-00146,User 00146,Company 067,Office 110,Group 078,FALSE,"["""", """", """", """", """", """", """"]",,No,4,1,3,1,0,0,3,0,,0067,Z
user-00147,User 00147,Company 043,Office 058,Group 064,FALSE,"["""", """", """", """", """", """", """"]",,No,52,23,29,0,0,12,22,1,,0043,A
user-00148,User 00148,Company 030,Office 040,Group 054,FALSE,"["""", """", """", """", """", """", """"]",,No,38,17,21,5,0,0,16,3,,0030,A
user-00149,User 00149,Company 179,Office 051,Group 042,FALSE,"["""", """", """", """", """", """", """"]",,No,30,20,10,3,0,11,19,4,,0179,B
user-00150,User 00150,Company 126,Office 019,Group 084,FALSE,"["""", """", """", """", """", """", """"]",,No,17,3,14,1,0,10,14,0,,0126,C
user-00151,User 00151,Company 179,Office 005,Group 070,FALSE,"["""", """", """", """", """", """", """"]",,No,42,28,14,8,1,15,18,0,,0179,M
user-00152,User 00152,Company 162,Office 002,Group 067,FALSE,"["""", """", """", """", """", """", """"]",,No,2,1,1,0,0,0,3,2,,0162,Z
user-00153,User 00153,Company 086,Office 043,Group 001,FALSE,"["""", """", """", """", """", """", """"]",,No,2,2,0,1,0,2,13,0,,0086,Z
user-00154,User 00154,Company 166,Office 039,Group 012,FALSE,"["""", """", """", """", """", """", """"]",,No,36,28,8,5,0,7,20,0,,0166,B
user-00155,User 00155,Company 037,Office 004,Group 089,FALSE,"["""", """", """", """", """", """", """"]",,No,57,19,38,3,0,0,22,1,,0037,A
user-00156,User 00156,Company 162,Office 057,Group 079,FALSE,"["""", """", """", """", """", """", """"]",,No,37,35,2,2,0,1,32,1,,0162,A
user-00157,User 00157,Company 060,Office 029,Group 013,FALSE,"["""", """", """", """", """", """", """"]",,No,35,29,6,3,0,4,13,1,,0060,A
user-00158,User 00158,Company 125,Office 055,Group 079,FALSE,"["""", """", """", """", """", """", """"]",,No,39,16,23,6,0,6,19,0,,0125,B
user-00159,User 00159,Company 038,Office 033,Group 025,FALSE,"["""", """", """", """", """", """", """"]",,Yes,32,19,13,1,0,11,14,4,,0038,B
user-00160,User 00160,Company 128,Office 046,Group 050,FALSE,"["""", """", """", """", """", """", """"]",,No,46,44,2,1,0,0,25,2,,0128,A
user-00161,User 00161,Company 019,Office 030,Group 073,FALSE,"["""", ""5"", ""5"", ""5"", ""5"", ""5"", """"]",5,No,40,33,7,2,0,11,11,1,,0019,A
user-00162,User 00162,Company 038,Office 078,Group 071,FALSE,"["""", """", """", """", """", """", """"]",,No,44,43,1,1,0,7,19,2,,0038,A
user-00163,User 00163,Company 027,Office 060,Group 006,FALSE,"["""", """", """", """", """", """", """"]",,No,50,14,36,4,0,0,14,0,,0027,A
user-00164,User 00164,Company 065,Office 040,Group 071,FALSE,"["""", """", """", """", """", """", """"]",,No,47,36,11,6,2,7,20,6,,0065,A
user-00165,User 00165,Company 093,Office 053,Group 058,FALSE,"["""", """", """", """", """", """", """"]",,No,55,15,40,6,0,7,22,4,,0093,A
user-00166,User 00166,Company 021,Office 009,Group 010,FALSE,"["""", """", """", """", """", """", """"]",,No,45,40,5,3,0,4,13,6,,0021,A
user-00167,User 00167,Company 104,Office 111,Group 087,FALSE,"["""", """", """", """", """", """", """"]",,No,19,7,12,0,0,0,11,2,,0104,C
user-00168,User 00168,Company 101,Office 016,Group 017,FALSE,"["""", """", """", """", """", """", """"]",,No,1,1,0,0,0,1,1,0,,0101,Z
user-00169,User 00169,Company 090,Office 098,Group 005,FALSE,"["""", """", """", """", """", """", """"]",,No,7,7,0,1,0,5,21,0,,0090,C
user-00170,User 00170,Company 150,Office 010,Group 019,FALSE,"["""", """", """", """", """", """", """"]",,No,2,2,0,1,0,14,12,0,,0150,Z
user-00171,User 00171,Company 064,Office 026,Group 090,FALSE,"["""", """", """", """", """", """", """"]",,No,45,29,16,1,0,0,20,3,,0064,A
user-00172,User 00172,Company 091,Office 069,Group 084,FALSE,"["""", """", """", """", """", """", """"]",,No,19,15,4,1,0,6,13,0,,0091,C
user-00173,User 00173,Company 130,Office 114,Group 062,FALSE,"["""", """", """", """", """", """", """"]",,No,53,28,25,0,0,1,14,0,,0130,A
user-00174,User 00174,Company 003,Office 016,Group 003,FALSE,"["""", """", """", """", """", """", """"]",,No,39,27,12,2,0,17,19,5,,0003,A
user-00175,User 00175,Company 108,Office 010,Group 087,FALSE,"["""", """", """", """", """", """", """"]",,Yes,41,10,31,3,0,4,20,1,,0108,B
user-00176,User 00176,Company 045,Office 023,Group 027,FALSE,"["""", """", """", """", """", """", """"]",,No,32,5,27,4,0,4,22,7,,0045,B
user-00177,User 00177,Company 150,Office 100,Group 055,FALSE,"["""", """", """", """", """", """", """"]",,No,51,35,16,3,0,11,10,1,,0150,P
user-00178,User 00178,Company 162,Office 097,Group 037,FALSE,"["""", """", """", """", """", """", """"]",,No,52,20,32,1,0,12,15,2,,0162,A
user-00179,User 00179,Company 089,Office 070,Group 026,FALSE,"["""", """", """", """", """", """", """"]",,No,59,25,34,1,0,15,20,2,,0089,A
user-00180,User 00180,Company 099,Office 052,Group 037,FALSE,"["""", """", """", """", """", """", """"]",,No,6,6,0,3,0,5,5,3,,0099,Z
user-00181,User 00181,Company 162,Office 057,Group 017,FALSE,"["""", """", """", """", """", """", """"]",,No,4,4,0,1,0,10,11,0,,0162,Z
user-00182,User 00182,Company 045,Office 035,Group 002,FALSE,"["""", ""3"", ""3"", ""3"", ""3"", ""3"", """"]",3,No,40,11,29,9,0,20,12,1,,0045,B
user-00183,User 00183,Company 058,Office 098,Group 003,FALSE,"["""", ""4"", ""4"", ""4"", ""4"", ""4"", """"]",4,No,2,2,0,0,0,0,6,1,,0058,Z
user-00184,User 00184,Company 136,Office 098,Group 043,FALSE,"["""", ""4"", ""4"", ""4"", ""4"", ""4"", """"]",4,No,3,1,2,0,0,0,0,0,,0136,Z
user-00185,User 00185,Company 027,Office 022,Group 043,FALSE,"["""", """", """", """", """", """", """"]",,No,41,18,23,7,0,12,9,2,,0027,M
user-00186,User 00186,Company 104,Office 094,Group 069,FALSE,"["""", """", """", """", """", """", """"]",,No,55,21,34,2,0,2,21,0,,0104,A
user-00187,User 00187,Company 045,Office 043,Group 058,FALSE,"["""", """", """", """", """", """", """"]",,No,40,30,10,1,0,15,24,3,,0045,A
user-00188,User 00188,Company 075,Office 076,Group 053,FALSE,"["""", """", """", """", """", """", """"]",,No,58,29,29,2,0,13,21,0,,0075,A
user-00189,User 00189,Company 029,Office 085,Group 040,TRUE,"["""", ""6"", ""6"", ""6"", ""6"", ""6"", """"]",6,No,48,45,3,4,0,11,11,6,,0029,P
user-00190,User 00190,Company 009,Office 014,Group 046,TRUE,"["""", """", """", """", """", """", """"]",,No,37,32,5,7,0,14,14,0,,0009,B
user-00191,User 00191,Company 173,Office 098,Group 086,FALSE,"["""", ""3"", ""3"", ""3"", ""3"", ""3"", """"]",3,No,50,30,20,1,1,15,18,1,,0173,A
user-00192,User 00192,Company 128,Office 094,Group 068,TRUE,"["""", """", """", """", """", """", """"]",,No,48,10,38,0,0,0,16,5,,0128,A
user-00193,User 00193,Company 036,Office 090,Group 044,TRUE,"["""", """", """", """", """", """", """"]",,No,50,19,31,9,0,19,16,0,,0036,M
user-00194,User 00194,Company 112,Office 090,Group 061,FALSE,"["""", """", """", """", """", """", """"]",,No,4,3,1,0,0,3,6,1,,0112,Z
user-00195,User 00195,Company 019,Office 091,Group 034,FALSE,"["""", """", """", """", """", """", """"]",,No,51,6,45,2,0,6,15,2,,0019,A
user-00196,User 00196,Company 038,Office 034,Group 039,FALSE,"["""", """", """", """", """", """", """"]",,No,4,4,0,1,0,4,7,3,,0038,Z
user-00197,User 00197,Company 033,Office 008,Group 080,FALSE,"["""", """", """", """", """", """", """"]",,No,47,20,27,3,0,2,27,5,,0033,A
user-00198,User 00198,Company 051,Office 026,Group 085,FALSE,"["""", """", """", """", """", """", """"]",,No,43,13,30,3,0,20,13,0,,0051,A
user-00199,User 00199,Company 155,Office 049,Group 011,FALSE,"["""", """", """", """", """", """", """"]",,No,40,16,24,0,0,9,17,4,,0155,A
user-00200,User 00200,Company 001,Office 019,Group 084,TRUE,"["""", """", """", """", """", """", """"]",,No,17,15,2,2,0,0,19,0,,0001,C
user-00201,User 00201,Company 028,Office 053,Group 046,FALSE,"["""", """", """", """", """", """", """"]",,No,3,2,1,0,0,12,7,1,,0028,Z
user-00202,User 00202,Company 076,Office 105,Group 082,FALSE,"["""", """", """", """", """", """", """"]",,No,35,14,21,9,0,20,9,0,,0076,M
user-00203,User 00203,Company 033,Office 026,Group 089,FALSE,"["""", """", """", """", """", """", """"]",,No,43,25,18,10,0,23,0,1,,0033,M
user-00204,User 00204,Company 117,Office 010,Group 008,FALSE,"["""", """", """", """", """", """", """"]",,No,52,14,38,11,6,9,15,2,,0117,X
user-00205,User 00205,Company 084,Office 010,Group 070,FALSE,"["""", """", """", """", """", """", """"]",,No,26,18,8,7,0,12,15,0,,0084,B
user-00206,User 00206,Company 142,Office 118,Group 071,FALSE,"["""", """", """", """", """", """", """"]",,No,50,30,20,6,1,23,19,3,,0142,M
user-00207,User 00207,Company 077,Office 013,Group 052,FALSE,"["""", """", """", """", """", """", """"]",,No,46,6,40,2,0,4,23,4,,0077,A
user-00208,User 00208,Company 047,Office 052,Group 026,FALSE,"["""", ""2"", ""2"", ""2"", ""2"", ""2"", """"]",2,No,40,26,14,6,7,11,15,1,,0047,X
user-00209,User 00209,Company 104,Office 057,Group 038,FALSE,"["""", """", """", """", """", """", """"]",,No,35,24,11,0,0,11,13,6,,0104,A
user-00210,User 00210,Company 143,Office 115,Group 037,FALSE,"["""", """", """", """", """", """", """"]",,No,1,1,0,0,0,1,2,1,,0143,Z
user-00211,User 00211,Company 003,Office 024,Group 061,FALSE,"["""", ""2"", ""2"", ""2"", ""2"", ""2"", """"]",2,No,1,0,1,0,0,8,5,0,,0003,Z
user-00212,User 00212,Company 003,Office 083,Group 025,FALSE,"["""", """", """", """", """", """", """"]",,No,1,0,1,0,0,0,0,1,,0003,Z
user-00213,User 00213,Company 174,Office 034,Group 045,FALSE,"["""", """", """", """", """", """", """"]",,No,44,32,12,0,0,4,23,5,,0174,A
user-00214,User 00214,Company 005,Office 051,Group 040,FALSE,"["""", ""5"", ""5"", ""5"", ""5"", ""5"", """"]",5,No,14,9,5,1,0,11,15,2,,0005,C
user-00215,User 00215,Company 147,Office 079,Group 053,FALSE,"["""", """", """", """", """", """", """"]",,No,5,2,3,1,0,4,10,0,,0147,Z
user-00216,User 00216,Company 061,Office 046,Group 046,FALSE,"["""", """", """", """", """", """", """"]",,No,14,5,9,2,0,8,21,0,,0061,C
user-00217,User 00217,Company 145,Office 084,Group 088,TRUE,"["""", ""2"", ""2"", ""2"", ""2"", ""2"", """"]",2,No,52,21,31,2,0,3,18,4,,0145,A
user-00218,User 00218,Company 047,Office 011,Group 075,FALSE,"["""", """", """", """", """", """", """"]",,No,3,1,2,1,0,3,0,0,,0047,Z
user-00219,User 00219,Company 101,Office 009,Group 027,FALSE,"["""", """", """", """", """", """", """"]",,No,56,27,29,2,0,4,21,3,,0101,A
user-00220,User 00220,Company 113,Office 051,Group 005,FALSE,"["""", """", """", """", """", """", """"]",,No,2,2,0,0,0,5,6,0,,0113,Z
user-00221,User 00221,Company 069,Office 063,Group 086,FALSE,"["""", ""5"", ""5"", ""5"", ""5"", ""5"", """"]",5,Yes,43,42,1,1,0,11,23,3,,0069,A
user-00222,User 00222,Company 129,Office 063,Group 029,FALSE,"["""", """", """", """", """", """", """"]",,No,13,2,11,2,0,0,20,1,,0129,C
user-00223,User 00223,Company 093,Office 015,Group 041,FALSE,"["""", """", """", """", """", """", """"]",,No,1,1,0,1,0,0,5,2,,0093,Z
user-00224,User 00224,Company 089,Office 090,Group 038,FALSE,"["""", """", """", """", """", """", """"]",,No,24,17,7,4,0,6,15,0,,0089,C
user-00225,User 00225,Company 028,Office 102,Group 070,FALSE,"["""", """", """", """", """", """", """"]",,No,59,23,36,2,0,5,21,3,,0028,A
user-00226,User 00226,Company 001,Office 094,Group 077,FALSE,"["""", """", """", """", """", """", """"]",,No,50,34,16,7,0,12,12,2,,0001,M
user-00227,User 00227,Company 176,Office 041,Group 034,FALSE,"["""", """", """", """", """", """", """"]",,No,44,29,15,5,1,13,17,2,,0176,A
user-00228,User 00228,Company 046,Office 011,Group 063,FALSE,"["""", """", """", """", """", """", """"]",,No,28,7,21,3,0,8,12,2,,0046,B
user-00229,User 00229,Company 041,Office 089,Group 049,FALSE,"["""", """", """", """", """", """", """"]",,No,36,27,9,2,0,3,20,7,,0041,A
user-00230,User 00230,Company 173,Office 102,Group 084,FALSE,"["""", """", """", """", """", """", """"]",,No,6,2,4,1,0,0,7,0,,0173,Z
user-00231,User 00231,Company 168,Office 105,Group 072,FALSE,"["""", """", """", """", """", """", """"]",,No,5,4,1,0,0,0,2,0,,0168,Z
user-00232,User 00232,Company 162,Office 090,Group 084,FALSE,"["""", """", """", """", """", """", """"]",,No,42,7,35,2,0,10,21,2,,0162,A
user-00233,User 00233,Company 144,Office 092,Group 035,FALSE,"["""", """", """", """", """", """", """"]",,No,39,10,29,4,0,11,17,1,,0144,B
user-00234,User 00234,Company 031,Office 041,Group 062,FALSE,"["""", """", """", """", """", """", """"]",,No,42,39,3,1,1,5,16,2,,0031,A
user-00235,User 00235,Company 049,Office 119,Group 045,FALSE,"["""", """", """", """", """", """", """"]",,No,59,50,9,4,0,5,23,0,,0049,A
user-00236,User 00236,Company 037,Office 065,Group 017,FALSE,"["""", """", """", """", """", """", """"]",,No,40,1,39,0,0,8,18,4,,0037,A
user-00237,User 00237,Company 157,Office 101,Group 071,FALSE,"["""", ""6"", ""6"", ""6"", ""6"", ""6"", """"]",6,No,50,38,12,3,0,5,28,4,,0157,A
user-00238,User 00238,Company 072,Office 093,Group 080,FALSE,"["""", """", """", """", """", """", """"]",,No,2,0,2,0,1,0,6,0,,0072,Z
user-00239,User 00239,Company 095,Office 118,Group 042,FALSE,"["""", """", """", """", """", """", """"]",,No,48,21,27,11,1,22,13,1,,0095,M
user-00240,User 00240,Company 040,Office 108,Group 084,FALSE,"["""", """", """", """", """", """", """"]",,No,50,18,32,4,0,8,27,2,,0040,A
user-00241,User 00241,Company 083,Office 017,Group 025,FALSE,"["""", ""4"", ""4"", ""4"", ""4"", ""4"", """"]",4,No,2,0,2,0,0,4,0,1,,0083,Z
user-00242,User 00242,Company 047,Office 100,Group 002,FALSE,"["""", """", """", """", """", """", """"]",,No,33,20,13,5,0,9,23,2,,0047,B
user-00243,User 00243,Company 149,Office 092,Group 037,FALSE,"["""", """", """", """", """", """", """"]",,No,20,3,17,3,0,0,10,1,,0149,C
user-00244,User 00244,Company 014,Office 032,Group 078,FALSE,"["""", """", """", """", """", """", """"]",,No,32,24,8,5,0,10,20,2,,0014,B
user-00245,User 00245,Company 149,Office 067,Group 090,FALSE,"["""", ""6"", ""6"", ""6"", ""6"", ""6"", """"]",6,No,14,5,9,1,0,12,21,0,,0149,C
user-00246,User 00246,Company 131,Office 088,Group 008,FALSE,"["""", """", """", """", """", """", """"]",,No,46,21,25,1,0,0,14,0,,0131,A
user-00247,User 00247,Company 127,Office 102,Group 007,FALSE,"["""", """", """", """", """", """", """"]",,No,1,1,0,1,0,0,3,1,,0127,Z
user-00248,User 00248,Company 074,Office 036,Group 023,FALSE,"["""", ""2"", ""2"", ""2"", ""2"", ""2"", """"]",2,No,50,20,30,1,0,2,20,2,,0074,A
user-00249,User 00249,Company 061,Office 030,Group 042,TRUE,"["""", """", """", """", """", """", """"]",,No,35,8,27,6,1,17,15,3,,0061,M
user-00250,User 00250,Company 091,Office 105,Group 047,FALSE,"["""", """", """", """", """", """", """"]",,No,48,48,0,0,0,1,29,0,,0091,A
user-00251,User 00251,Company 038,Office 036,Group 072,FALSE,"["""", """", """", """", """", """", """"]",,No,48,43,5,2,0,13,30,5,,0038,A
user-00252,User 00252,Company 114,Office 024,Group 080,FALSE,"["""", """", """", """", """", """", """"]",,No,16,5,11,1,0,6,20,1,,0114,C
user-00253,User 00253,Company 125,Office 059,Group 063,FALSE,"["""", """", """", """", """", """", """"]",,No,38,11,27,5,0,10,13,0,,0125,M
user-00254,User 00254,Company 121,Office 033,Group 086,FALSE,"["""", """", """", """", """", """", """"]",,No,1,0,1,0,0,6,5,2,,0121,Z
user-00255,User 00255,Company 169,Office 006,Group 080,FALSE,"["""", ""3"", ""3"", ""3"", ""3"", ""3"", """"]",3,No,32,9,23,4,1,3,7,4,,0169,X
user-00256,User 00256,Company 048,Office 040,Group 015,FALSE,"["""", """", """", """", """", """", """"]",,No,43,31,12,7,0,15,12,0,,0048,M
user-00257,User 00257,Company 110,Office 109,Group 028,FALSE,"["""", """", """", """", """", """", """"]",,No,18,3,15,2,0,0,18,0,,0110,C
user-00258,User 00258,Company 101,Office 062,Group 012,FALSE,"["""", ""2"", ""2"", ""2"", ""2"", ""2"", """"]",2,No,52,31,21,1,0,8,19,2,,0101,A
user-00259,User 00259,Company 168,Office 110,Group 007,FALSE,"["""", ""2"", ""2"", ""2"", ""2"", ""2"", """"]",2,No,19,5,14,0,0,0,20,0,,0168,C
user-00260,User 00260,Company 159,Office 098,Group 010,FALSE,"["""", """", """", """", """", """", """"]",,No,48,32,16,0,0,14,20,5,,0159,A
user-00261,User 00261,Company 082,Office 109,Group 076,FALSE,"["""", """", """", """", """", """", """"]",,No,20,13,7,1,0,5,24,0,,0082,C
user-00262,User 00262,Company 178,Office 026,Group 027,TRUE,"["""", """", """", """", """", """", """"]",,No,33,31,2,2,0,11,16,1,,0178,B
user-00263,User 00263,Company 169,Office 094,Group 072,FALSE,"["""", """", """", """", """", """", """"]",,No,54,7,47,5,0,15,12,4,,0169,P
user-00264,User 00264,Company 036,Office 051,Group 082,FALSE,"["""", """", """", """", """", """", """"]",,No,27,15,12,2,0,16,18,0,,0036,B
user-00265,User 00265,Company 175,Office 039,Group 016,FALSE,"["""", """", """", """", """", """", """"]",,No,47,12,35,5,0,18,19,0,,0175,A
user-00266,User 00266,Company 124,Office 067,Group 004,FALSE,"["""", """", """", """", """", """", """"]",,No,20,15,5,3,0,4,24,0,,0124,C
user-00267,User 00267,Company 018,Office 061,Group 080,FALSE,"["""", ""5"", ""5"", ""5"", ""5"", ""5"", """"]",5,No,47,10,37,4,0,10,18,4,,0018,A
user-00268,User 00268,Company 113,Office 002,Group 013,FALSE,"["""", """", """", """", """", """", """"]",,No,41,10,31,2,0,0,24,5,,0113,A
user-00269,User 00269,Company 068,Office 049,Group 085,FALSE,"["""", """", """", """", """", """", """"]",,No,42,31,11,5,0,3,14,0,,0068,A
user-00270,User 00270,Company 128,Office 056,Group 057,FALSE,"["""", ""6"", ""6"", ""6"", ""6"", ""6"", """"]",6,No,3,3,0,1,0,12,9,1,,0128,Z
user-00271,User 00271,Company 030,Office 054,Group 026,FALSE,"["""", """", """", """", """", """", """"]",,No,40,26,14,2,0,3,17,6,,0030,A
user-00272,User 00272,Company 030,Office 004,Group 066,FALSE,"["""", """", """", """", """", """", """"]",,No,15,15,0,0,0,4,24,0,,0030,C
user-00273,User 00273,Company 132,Office 019,Group 082,FALSE,"["""", ""4"", ""4"", ""4"", ""4"", ""4"", """"]",4,No,3,3,0,0,0,12,13,5,,0132,Z
user-00274,User 00274,Company 159,Office 098,Group 074,FALSE,"["""", """", """", """", """", """", """"]",,No,54,54,0,3,0,5,27,2,,0159,A
user-00275,User 00275,Company 012,Office 048,Group 015,FALSE,"["""", """", """", """", """", """", """"]",,No,56,31,25,2,0,8,30,2,,0012,A
user-00276,User 00276,Company 098,Office 061,Group 018,FALSE,"["""", """", """", """", """", """", """"]",,No,3,1,2,0,0,6,12,0,,0098,Z
user-00277,User 00277,Company 026,Office 074,Group 014,FALSE,"["""", """", """", """", """", """", """"]",,No,16,3,13,1,0,7,16,3,,0026,C
user-00278,User 00278,Company 011,Office 054,Group 035,FALSE,"["""", """", """", """", """", """", """"]",,No,50,14,36,2,0,0,22,1,,0011,A
user-00279,User 00279,Company 175,Office 023,Group 042,FALSE,"["""", """", """", """", """", """", """"]",,No,53,6,47,3,0,2,20,3,,0175,A
user-00280,User 00280,Company 088,Office 093,Group 009,TRUE,"["""", ""3"", ""3"", ""3"", ""3"", ""3"", """"]",3,No,40,35,5,4,0,5,26,4,,0088,B
user-00281,User 00281,Company 052,Office 070,Group 068,FALSE,"["""", """", """", """", """", """", """"]",,No,45,42,3,3,0,0,20,2,,0052,A
user-00282,User 00282,Company 070,Office 105,Group 052,FALSE,"["""", """", """", """", """", """", """"]",,No,67,14,53,4,0,6,12,1,,0070,A
user-00283,User 00283,Company 124,Office 112,Group 057,TRUE,"["""", """", """", """", """", """", """"]",,No,38,32,6,4,1,5,14,4,,0124,A
user-00284,User 00284,Company 075,Office 017,Group 036,FALSE,"["""", """", """", """", """", """", """"]",,No,22,17,5,1,0,10,20,1,,0075,C
user-00285,User 00285,Company 102,Office 001,Group 057,FALSE,"["""", """", """", """", """", """", """"]",,No,27,15,12,3,0,12,12,3,,0102,M
user-00286,User 00286,Company 132,Office 012,Group 010,FALSE,"["""", """", """", """", """", """", """"]",,No,44,23,21,0,3,5,9,3,,0132,X
user-00287,User 00287,Company 180,Office 090,Group 012,FALSE,"["""", """", """", """", """", """", """"]",,No,37,16,21,7,1,17,14,1,,0180,M
user-00288,User 00288,Company 001,Office 079,Group 054,FALSE,"["""", """", """", """", """", """", """"]",,No,30,11,19,5,0,8,9,6,,0001,B
user-00289,User 00289,Company 155,Office 109,Group 064,FALSE,"["""", """", """", """", """", """", """"]",,No,48,10,38,3,1,2,17,1,,0155,A
user-00290,User 00290,Company 118,Office 059,Group 072,FALSE,"["""", """", """", """", """", """", """"]",,No,1,1,0,0,0,6,6,0,,0118,Z
user-00291,User 00291,Company 058,Office 087,Group 088,FALSE,"["""", """", """", """", """", """", """"]",,No,42,38,4,2,0,10,21,3,,0058,A
user-00292,User 00292,Company 009,Office 067,Group 006,FALSE,"["""", """", """", """", """", """", """"]",,No,57,26,31,2,0,0,27,3,,0009,A
user-00293,User 00293,Company 100,Office 009,Group 005,FALSE,"["""", """", """", """", """", """", """"]",,No,61,59,2,1,0,0,15,2,,0100,A
user-00294,User 00294,Company 149,Office 017,Group 074,FALSE,"["""", ""2"", ""2"", ""2"", ""2"", ""2"", """"]",2,No,53,29,24,0,0,14,17,1,,0149,A
user-00295,User 00295,Company 043,Office 088,Group 072,FALSE,"["""", """", """", """", """", """", """"]",,No,18,2,16,1,0,3,16,0,,0043,C
user-00296,User 00296,Company 060,Office 030,Group 014,FALSE,"["""", """", """", """", """", """", """"]",,No,57,29,28,2,0,9,27,6,,0060,A
user-00297,User 00297,Company 150,Office 028,Group 036,FALSE,"["""", """", """", """", """", """", """"]",,No,34,8,26,7,0,18,8,0,,0150,M
user-00298,User 00298,Company 132,Office 006,Group 037,FALSE,"["""", """", """", """", """", """", """"]",,No,46,33,13,5,1,20,18,0,,0132,M
user-00299,User 00299,Company 068,Office 032,Group 082,FALSE,"["""", ""5"", ""5"", ""5"", ""5"", ""5"", """"]",5,No,50,19,31,1,0,6,15,3,,0068,A
user-00300,User 00300,Company 005,Office 087,Group 012,FALSE,"["""", """", """", """", """", """", """"]",,No,2,0,2,0,0,2,5,0,,0005,Z
user-00301,User 00301,Company 144,Office 089,Group 088,FALSE,"["""", """", """", """", """", """", """"]",,No,45,9,36,0,0,6,16,1,,0144,A
user-00302,User 00302,Company 156,Office 110,Group 051,FALSE,"["""", """", """", """", """", """", """"]",,No,46,36,10,1,0,5,15,3,,0156,A
user-00303,User 00303,Company 004,Office 062,Group 070,FALSE,"["""", """", """", """", """", """", """"]",,No,39,8,31,0,0,4,25,0,,0004,A
user-00304,User 00304,Company 044,Office 066,Group 030,FALSE,"["""", """", """", """", """", """", """"]",,No,32,12,20,1,0,0,20,3,,0044,B
user-00305,User 00305,Company 106,Office 080,Group 080,FALSE,"["""", """", """", """", """", """", """"]",,No,51,44,7,5,1,10,11,7,,0106,P
user-00306,User 00306,Company 032,Office 025,Group 015,FALSE,"["""", """", """", """", """", """", """"]",,No,41,26,15,4,0,1,21,2,,0032,A
user-00307,User 00307,Company 169,Office 094,Group 042,FALSE,"["""", """", """", """", """", """", """"]",,No,40,23,17,8,2,13,21,3,,0169,B
user-00308,User 00308,Company 057,Office 030,Group 083,FALSE,"["""", """", """", """", """", """", """"]",,No,48,15,33,0,0,10,27,4,,0057,A
user-00309,User 00309,Company 003,Office 078,Group 017,FALSE,"["""", """", """", """", """", """", """"]",,No,3,2,1,1,0,9,11,1,,0003,Z
user-00310,User 00310,Company 006,Office 069,Group 004,FALSE,"["""", """", """", """", """", """", """"]",,No,60,4,56,3,0,9,20,3,,0006,A
user-00311,User 00311,Company 128,Office 112,Group 027,TRUE,"["""", """", """", """", """", """", """"]",,No,3,3,0,0,0,0,1,0,,0128,Z
user-00312,User 00312,Company 075,Office 091,Group 055,FALSE,"["""", """", """", """", """", """", """"]",,No,44,32,12,1,0,8,28,1,,0075,A
user-00313,User 00313,Company 156,Office 114,Group 083,FALSE,"["""", """", """", """", """", """", """"]",,No,45,38,7,6,0,11,23,4,,0156,A
user-00314,User 00314,Company 168,Office 043,Group 011,TRUE,"["""", """", """", """", """", """", """"]",,No,15,11,4,2,0,2,11,0,,0168,C
user-00315,User 00315,Company 062,Office 068,Group 016,FALSE,"["""", """", """", """", """", """", """"]",,No,36,32,4,5,0,6,15,2,,0062,B
user-00316,User 00316,Company 129,Office 054,Group 084,FALSE,"["""", ""1"", ""1"", ""1"", ""1"", ""1"", """"]",1,No,33,6,27,2,2,16,19,2,,0129,X
user-00317,User 00317,Company 004,Office 029,Group 068,FALSE,"["""", """", """", """", """", """", """"]",,No,39,35,4,1,0,6,15,4,,0004,A
user-00318,User 00318,Company 130,Office 001,Group 013,FALSE,"["""", """", """", """", """", """", """"]",,No,57,26,31,1,0,0,22,3,,0130,A
user-00319,User 00319,Company 061,Office 105,Group 064,FALSE,"["""", """", """", """", """", """", """"]",,No,43,5,38,1,0,3,20,7,,0061,A
user-00320,User 00320,Company 117,Office 079,Group 030,FALSE,"["""", """", """", """", """", """", """"]",,No,2,2,0,2,0,12,9,0,,0117,Z
user-00321,User 00321,Company 061,Office 073,Group 013,FALSE,"["""", ""4"", ""4"", ""4"", ""4"", ""4"", """"]",4,No,48,5,43,2,0,1,21,3,,0061,A
user-00322,User 00322,Company 045,Office 061,Group 081,FALSE,"["""", """", """", """", """", """", """"]",,No,43,2,41,2,1,2,25,4,,0045,A
user-00323,User 00323,Company 042,Office 038,Group 017,FALSE,"["""", """", """", """", """", """", """"]",,No,46,12,34,4,0,10,17,3,,0042,A
user-00324,User 00324,Company 019,Office 103,Group 018,FALSE,"["""", """", """", """", """", """", """"]",,No,41,36,5,2,0,15,22,1,,0019,A
user-00325,User 00325,Company 055,Office 016,Group 070,FALSE,"["""", """", """", """", """", """", """"]",,No,63,51,12,1,0,12,26,2,,0055,A
user-00326,User 00326,Company 157,Office 098,Group 044,FALSE,"["""", """", """", """", """", """", """"]",,No,65,52,13,5,0,9,21,3,,0157,A
user-00327,User 00327,Company 021,Office 002,Group 004,FALSE,"["""", """", """", """", """", """", """"]",,No,16,15,1,2,0,4,27,1,,0021,C
user-00328,User 00328,Company 014,Office 042,Group 015,TRUE,"["""", """", """", """", """", """", """"]",,No,29,26,3,5,0,11,21,5,,0014,B
user-00329,User 00329,Company 015,Office 046,Group 061,FALSE,"["""", ""3"", ""3"", ""3"", ""3"", ""3"", """"]",3,No,45,17,28,2,0,5,25,3,,0015,A
user-00330,User 00330,Company 019,Office 082,Group 077,FALSE,"["""", """", """", """", """", """", """"]",,No,35,33,2,3,0,4,16,1,,0019,B
user-00331,User 00331,Company 147,Office 033,Group 043,FALSE,"["""", """", """", """", """", """", """"]",,No,17,5,12,2,1,8,16,0,,0147,C
user-00332,User 00332,Company 133,Office 112,Group 074,FALSE,"["""", ""6"", ""6"", ""6"", ""6"", ""6"", """"]",6,No,41,13,28,7,1,3,21,0,,0133,B
user-00333,User 00333,Company 126,Office 080,Group 070,FALSE,"["""", """", """", """", """", """", """"]",,No,20,1,19,1,0,9,17,0,,0126,C
user-00334,User 00334,Company 075,Office 035,Group 002,FALSE,"["""", """", """", """", """", """", """"]",,No,51,9,42,2,0,0,21,0,,0075,A
user-00335,User 00335,Company 003,Office 040,Group 063,FALSE,"["""", """", """", """", """", """", """"]",,No,49,29,20,0,0,9,28,3,,0003,A
user-00336,User 00336,Company 071,Office 047,Group 007,FALSE,"["""", """", """", """", """", """", """"]",,No,51,37,14,2,0,5,17,3,,0071,A
user-00337,User 00337,Company 146,Office 019,Group 058,FALSE,"["""", """", """", """", """", """", """"]",,No,2,2,0,2,0,6,0,0,,0146,Z
user-00338,User 00338,Company 085,Office 118,Group 038,FALSE,"["""", """", """", """", """", """", """"]",,No,42,30,12,2,0,6,18,1,,0085,X
user-00339,User 00339,Company 067,Office 014,Group 027,FALSE,"["""", """", """", """", """", """", """"]",,No,49,3,46,3,1,17,12,2,,0067,M
user-00340,User 00340,Company 066,Office 106,Group 065,FALSE,"["""", """", """", """", """", """", """"]",,No,47,46,1,8,0,6,11,2,,0066,X
user-00341,User 00341,Company 136,Office 053,Group 041,FALSE,"["""", """", """", """", """", """", """"]",,No,1,1,0,0,0,0,0,3,,0136,Z
user-00342,User 00342,Company 038,Office 047,Group 075,FALSE,"["""", """", """", """", """", """", """"]",,No,44,40,4,1,0,5,19,1,,0038,A
user-00343,User 00343,Company 130,Office 098,Group 078,FALSE,"["""", """", """", """", """", """", """"]",,No,29,29,0,3,0,17,28,4,,0130,B
user-00344,User 00344,Company 170,Office 102,Group 066,FALSE,"["""", """", """", """", """", """", """"]",,No,54,24,30,3,0,10,16,0,,0170,A
user-00345,User 00345,Company 053,Office 002,Group 055,FALSE,"["""", """", """", """", """", """", """"]",,No,56,1,55,1,1,3,24,1,,0053,A
user-00346,User 00346,Company 093,Office 088,Group 028,FALSE,"["""", """", """", """", """", """", """"]",,No,37,28,9,5,0,15,18,0,,0093,B
user-00347,User 00347,Company 180,Office 030,Group 073,FALSE,"["""", ""3"", ""3"", ""3"", ""3"", ""3"", """"]",3,No,34,17,17,1,0,10,22,2,,0180,B
user-00348,User 00348,Company 088,Office 082,Group 053,FALSE,"["""", """", """", """", """", """", """"]",,No,3,1,2,0,0,0,4,0,,0088,Z
user-00349,User 00349,Company 044,Office 057,Group 043,FALSE,"["""", ""4"", ""4"", ""4"", ""4"", ""4"", """"]",4,No,0,0,0,0,0,0,12,0,,0044,Z
user-00350,User 00350,Company 007,Office 072,Group 087,FALSE,"["""", """", """", """", """", """", """"]",,No,47,14,33,3,0,12,21,5,,0007,A
user-00351,User 00351,Company 142,Office 027,Group 017,TRUE,"["""", ""4"", ""4"", ""4"", ""4"", ""4"", """"]",4,No,48,34,14,4,0,1,25,2,,0142,A
user-00352,User 00352,Company 173,Office 097,Group 026,FALSE,"["""", """", """", """", """", """", """"]",,No,5,5,0,1,0,13,9,0,,0173,Z
user-00353,User 00353,Company 057,Office 026,Group 082,FALSE,"["""", """", """", """", """", """", """"]",,No,59,32,27,5,0,6,14,0,,0057,A
user-00354,User 00354,Company 143,Office 001,Group 055,TRUE,"["""", """", """", """", """", """", """"]",,No,3,1,2,0,0,9,2,2,,0143,Z
user-00355,User 00355,Company 149,Office 076,Group 082,FALSE,"["""", """", """", """", """", """", """"]",,No,3,3,0,3,0,16,7,5,,0149,Z
user-00356,User 00356,Company 035,Office 068,Group 088,FALSE,"["""", """", """", """", """", """", """"]",,No,27,22,5,8,0,16,8,3,,0035,B
user-00357,User 00357,Company 173,Office 055,Group 026,FALSE,"["""", """", """", """", """", """", """"]",,No,33,22,11,5,0,0,15,0,,0173,B
user-00358,User 00358,Company 159,Office 068,Group 075,FALSE,"["""", """", """", """", """", """", """"]",,No,35,31,4,5,0,14,22,2,,0159,B
user-00359,User 00359,Company 135,Office 101,Group 051,TRUE,"["""", """", """", """", """", """", """"]",,No,46,28,18,1,0,4,15,0,,0135,A
user-00360,User 00360,Company 107,Office 019,Group 090,FALSE,"["""", """", """", """", """", """", """"]",,No,1,0,1,0,0,0,0,3,,0107,Z
user-00361,User 00361,Company 139,Office 070,Group 063,FALSE,"["""", """", """", """", """", """", """"]",,No,42,10,32,0,0,3,19,3,,0139,A
user-00362,User 00362,Company 042,Office 079,Group 037,FALSE,"["""", ""6"", ""6"", ""6"", ""6"", ""6"", """"]",6,No,56,27,29,3,1,1,13,1,,0042,A
user-00363,User 00363,Company 106,Office 059,Group 012,FALSE,"["""", """", """", """", """", """", """"]",,No,0,0,0,0,0,0,3,0,,0106,Z
user-00364,User 00364,Company 167,Office 053,Group 041,FALSE,"["""", """", """", """", """", """", """"]",,No,52,26,26,5,0,7,11,5,,0167,A
user-00365,User 00365,Company 177,Office 070,Group 086,FALSE,"["""", """", """", """", """", """", """"]",,No,22,14,8,1,0,0,25,0,,0177,C
user-00366,User 00366,Company 128,Office 007,Group 022,FALSE,"["""", """", """", """", """", """", """"]",,No,0,0,0,0,0,11,10,0,,0128,Z
user-00367,User 00367,Company 055,Office 091,Group 053,FALSE,"["""", """", """", """", """", """", """"]",,No,1,1,0,0,0,15,10,2,,0055,Z
user-00368,User 00368,Company 124,Office 014,Group 009,FALSE,"["""", """", """", """", """", """", """"]",,No,35,8,27,4,1,11,23,5,,0124,A
user-00369,User 00369,Company 075,Office 059,Group 045,TRUE,"["""", """", """", """", """", """", """"]",,No,31,21,10,3,0,9,23,2,,0075,B
user-00370,User 00370,Company 089,Office 087,Group 040,FALSE,"["""", """", """", """", """", """", """"]",,No,39,17,22,6,0,10,20,1,,0089,B
user-00371,User 00371,Company 168,Office 006,Group 058,FALSE,"["""", """", """", """", """", """", """"]",,No,4,3,1,0,0,6,0,0,,0168,Z
user-00372,User 00372,Company 172,Office 112,Group 083,FALSE,"["""", """", """", """", """", """", """"]",,No,41,17,24,3,2,7,15,3,,0172,X
user-00373,User 00373,Company 144,Office 054,Group 034,FALSE,"["""", """", """", """", """", """", """"]",,No,3,3,0,3,0,21,16,0,,0144,Z
user-00374,User 00374,Company 035,Office 119,Group 044,FALSE,"["""", """", """", """", """", """", """"]",,No,15,8,7,0,0,11,14,0,,0035,C
user-00375,User 00375,Company 117,Office 080,Group 014,FALSE,"["""", """", """", """", """", """", """"]",,No,19,7,12,3,0,9,23,0,,0117,C
user-00376,User 00376,Company 180,Office 099,Group 031,FALSE,"["""", ""3"", ""3"", ""3"", ""3"", ""3"", """"]",3,No,42,18,24,3,1,7,11,4,,0180,X
user-00377,User 00377,Company 057,Office 087,Group 045,FALSE,"["""", """", """", """", """", """", """"]",,No,5,2,3,1,0,5,16,0,,0057,Z
user-00378,User 00378,Company 145,Office 085,Group 025,TRUE,"["""", """", """", """", """", """", """"]",,No,43,9,34,3,0,9,25,4,,0145,B
user-00379,User 00379,Company 012,Office 085,Group 016,FALSE,"["""", """", """", """", """", """", """"]",,No,31,10,21,2,0,19,18,0,,0012,B
user-00380,User 00380,Company 168,Office 026,Group 004,FALSE,"["""", """", """", """", """", """", """"]",,No,62,42,20,2,0,0,26,2,,0168,A
user-00381,User 00381,Company 046,Office 061,Group 065,FALSE,"["""", """", """", """", """", """", """"]",,No,43,25,18,3,0,9,21,5,,0046,A
user-00382,User 00382,Company 092,Office 038,Group 079,FALSE,"["""", """", """", """", """", """", """"]",,No,21,16,5,0,0,0,21,1,,0092,C
user-00383,User 00383,Company 178,Office 036,Group 016,FALSE,"["""", """", """", """", """", """", """"]",,No,11,8,3,4,0,0,25,3,,0178,C
user-00384,User 00384,Company 061,Office 032,Group 041,FALSE,"["""", """", """", """", """", """", """"]",,No,43,26,17,0,0,5,18,0,,0061,A
user-00385,User 00385,Company 162,Office 034,Group 039,FALSE,"["""", """", """", """", """", """", """"]",,No,39,24,15,4,0,10,11,4,,0162,B
user-00386,User 00386,Company 164,Office 090,Group 051,FALSE,"["""", """", """", """", """", """", """"]",,No,55,42,13,2,0,9,21,1,,0164,A
user-00387,User 00387,Company 095,Office 023,Group 001,FALSE,"["""", """", """", """", """", """", """"]",,No,19,17,2,2,0,3,26,0,,0095,C
user-00388,User 00388,Company 156,Office 069,Group 061,FALSE,"["""", """", """", """", """", """", """"]",,No,1,1,0,0,0,7,12,1,,0156,Z
user-00389,User 00389,Company 131,Office 049,Group 068,FALSE,"["""", """", """", """", """", """", """"]",,No,44,32,12,4,1,6,34,6,,0131,A
user-00390,User 00390,Company 038,Office 075,Group 024,FALSE,"["""", ""3"", ""3"", ""3"", ""3"", ""3"", """"]",3,No,13,2,11,2,0,11,24,0,,0038,C
user-00391,User 00391,Company 137,Office 022,Group 057,FALSE,"["""", """", """", """", """", """", """"]",,No,42,22,20,3,0,4,17,1,,0137,A
user-00392,User 00392,Company 134,Office 074,Group 045,FALSE,"["""", """", """", """", """", """", """"]",,No,2,2,0,0,0,7,0,1,,0134,Z
user-00393,User 00393,Company 002,Office 061,Group 072,FALSE,"["""", """", """", """", """", """", """"]",,No,2,0,2,0,0,11,2,2,,0002,Z
user-00394,User 00394,Company 162,Office 082,Group 090,TRUE,"["""", """", """", """", """", """", """"]",,No,39,2,37,1,1,2,23,5,,0162,A
user-00395,User 00395,Company 018,Office 043,Group 010,FALSE,"["""", """", """", """", """", """", """"]",,No,21,14,7,0,0,14,14,5,,0018,B
user-00396,User 00396,Company 014,Office 110,Group 033,FALSE,"["""", """", """", """", """", """", """"]",,No,40,33,7,2,0,10,17,1,,0014,A
user-00397,User 00397,Company 172,Office 029,Group 014,FALSE,"["""", ""5"", ""5"", ""5"", ""5"", ""5"", """"]",5,No,31,7,24,4,0,15,17,0,,0172,B
user-00398,User 00398,Company 152,Office 120,Group 084,FALSE,"["""", """", """", """", """", """", """"]",,No,50,47,3,7,0,14,7,3,,0152,P
user-00399,User 00399,Company 018,Office 004,Group 045,FALSE,"["""", """", """", """", """", """", """"]",,No,2,2,0,0,0,0,7,0,,0018,Z
user-00400,User 00400,Company 003,Office 100,Group 083,FALSE,"["""", """", """", """", """", """", """"]",,No,31,13,18,2,0,1,16,2,,0003,X
user-00401,User 00401,Company 053,Office 026,Group 085,TRUE,"["""", """", """", """", """", """", """"]",,No,42,31,11,5,1,8,18,1,,0053,B
user-00402,User 00402,Company 111,Office 071,Group 031,FALSE,"["""", """", """", """", """", """", """"]",,No,45,29,16,0,0,0,19,5,,0111,A
user-00403,User 00403,Company 069,Office 106,Group 058,FALSE,"["""", """", """", """", """", """", """"]",,No,55,14,41,5,0,0,19,1,,0069,A
user-00404,User 00404,Company 072,Office 014,Group 090,FALSE,"["""", """", """", """", """", """", """"]",,No,61,46,15,5,1,11,18,3,,0072,A
user-00405,User 00405,Company 095,Office 114,Group 054,FALSE,"["""", """", """", """", """", """", """"]",,No,33,19,14,4,0,11,21,2,,0095,B
user-00406,User 00406,Company 063,Office 026,Group 019,FALSE,"["""", """", """", """", """", """", """"]",,No,40,25,15,7,0,12,16,6,,0063,B
user-00407,User 00407,Company 013,Office 041,Group 062,FALSE,"["""", """", """", """", """", """", """"]",,No,1,0,1,0,0,0,2,0,,0013,Z
user-00408,User 00408,Company 096,Office 110,Group 063,FALSE,"["""", """", """", """", """", """", """"]",,No,39,30,9,0,0,2,26,3,,0096,A
user-00409,User 00409,Company 118,Office 048,Group 059,FALSE,"["""", """", """", """", """", """", """"]",,No,35,8,27,5,1,1,14,1,,0118,B
user-00410,User 00410,Company 002,Office 058,Group 045,FALSE,"["""", """", """", """", """", """", """"]",,No,51,13,38,3,1,7,11,2,,0002,X
user-00411,User 00411,Company 154,Office 056,Group 075,FALSE,"["""", """", """", """", """", """", """"]",,No,54,44,10,4,0,2,16,0,,0154,A
user-00412,User 00412,Company 008,Office 077,Group 064,TRUE,"["""", """", """", """", """", """", """"]",,No,42,16,26,1,0,6,18,3,,0008,A
user-00413,User 00413,Company 178,Office 044,Group 019,FALSE,"["""", """", """", """", """", """", """"]",,No,57,11,46,5,1,5,21,1,,0178,A
user-00414,User 00414,Company 083,Office 047,Group 020,FALSE,"["""", """", """", """", """", """", """"]",,No,45,45,0,6,1,14,14,0,,0083,B
user-00415,User 00415,Company 155,Office 069,Group 023,FALSE,"["""", ""2"", ""2"", ""2"", ""2"", ""2"", """"]",2,No,52,52,0,3,0,9,18,2,,0155,A
user-00416,User 00416,Company 030,Office 075,Group 018,TRUE,"["""", """", """", """", """", """", """"]",,No,40,32,8,4,1,1,16,0,,0030,A
user-00417,User 00417,Company 068,Office 114,Group 033,FALSE,"["""", """", """", """", """", """", """"]",,No,62,53,9,2,0,12,21,4,,0068,A
user-00418,User 00418,Company 155,Office 070,Group 052,FALSE,"["""", """", """", """", """", """", """"]",,No,5,4,1,3,1,0,6,0,,0155,Z
user-00419,User 00419,Company 142,Office 050,Group 014,FALSE,"["""", """", """", """", """", """", """"]",,No,38,12,26,4,0,9,17,3,,0142,M
user-00420,User 00420,Company 089,Office 058,Group 089,FALSE,"["""", """", """", """", """", """", """"]",,No,59,19,40,0,0,5,13,0,,0089,A
user-00421,User 00421,Company 068,Office 081,Group 088,FALSE,"["""", """", """", """", """", """", """"]",,No,47,23,24,0,0,0,24,2,,0068,A
user-00422,User 00422,Company 028,Office 108,Group 055,FALSE,"["""", """", """", """", """", """", """"]",,No,53,10,43,8,0,15,12,3,,0028,A
user-00423,User 00423,Company 104,Office 071,Group 074,FALSE,"["""", """", """", """", """", """", """"]",,No,38,34,4,5,0,12,26,0,,0104,B
user-00424,User 00424,Company 134,Office 048,Group 002,FALSE,"["""", """", """", """", """", """", """"]",,No,1,0,1,0,0,0,2,2,,0134,Z
user-00425,User 00425,Company 023,Office 026,Group 065,FALSE,"["""", """", """", """", """", """", """"]",,No,1,1,0,1,0,7,1,4,,0023,Z
user-00426,User 00426,Company 118,Office 084,Group 021,FALSE,"["""", """", """", """", """", """", """"]",,No,1,1,0,0,0,12,23,0,,0118,Z
user-00427,User 00427,Company 109,Office 025,Group 033,FALSE,"["""", """", """", """", """", """", """"]",,No,53,28,25,0,0,6,12,3,,0109,A
user-00428,User 00428,Company 001,Office 107,Group 024,FALSE,"["""", """", """", """", """", """", """"]",,No,27,7,20,3,0,13,24,3,,0001,B
user-00429,User 00429,Company 048,Office 078,Group 048,FALSE,"["""", """", """", """", """", """", """"]",,No,49,10,39,0,0,3,19,1,,0048,A
user-00430,User 00430,Company 003,Office 048,Group 078,FALSE,"["""", """", """", """", """", """", """"]",,No,52,6,46,1,0,1,16,4,,0003,A
user-00431,User 00431,Company 136,Office 095,Group 076,FALSE,"["""", """", """", """", """", """", """"]",,No,36,23,13,5,0,7,28,3,,0136,B
user-00432,User 00432,Company 072,Office 004,Group 033,FALSE,"["""", """", """", """", """", """", """"]",,No,26,13,13,2,0,7,13,0,,0072,B
user-00433,User 00433,Company 176,Office 118,Group 018,FALSE,"["""", """", """", """", """", """", """"]",,No,13,10,3,0,0,4,17,1,,0176,C
user-00434,User 00434,Company 113,Office 038,Group 045,FALSE,"["""", """", """", """", """", """", """"]",,No,3,0,3,0,0,14,9,0,,0113,Z
user-00435,User 00435,Company 056,Office 060,Group 033,FALSE,"["""", """", """", """", """", """", """"]",,Yes,33,26,7,3,0,19,18,1,,0056,B
user-00436,User 00436,Company 015,Office 016,Group 009,FALSE,"["""", """", """", """", """", """", """"]",,No,2,2,0,1,0,10,17,0,,0015,Z
user-00437,User 00437,Company 137,Office 113,Group 080,FALSE,"["""", """", """", """", """", """", """"]",,No,52,33,19,3,0,5,20,0,,0137,A
user-00438,User 00438,Company 002,Office 029,Group 062,FALSE,"["""", """", """", """", """", """", """"]",,No,62,58,4,6,0,10,19,3,,0002,A
user-00439,User 00439,Company 104,Office 088,Group 033,FALSE,"["""", """", """", """", """", """", """"]",,No,1,0,1,0,0,4,10,0,,0104,Z
user-00440,User 00440,Company 048,Office 044,Group 034,FALSE,"["""", """", """", """", """", """", """"]",,No,49,18,31,1,0,8,10,3,,0048,A
user-00441,User 00441,Company 020,Office 034,Group 022,TRUE,"["""", """", """", """", """", """", """"]",,No,45,35,10,3,0,5,19,0,,0020,A
user-00442,User 00442,Company 136,Office 047,Group 041,FALSE,"["""", """", """", """", """", """", """"]",,No,42,26,16,7,0,4,17,2,,0136,A
user-00443,User 00443,Company 138,Office 015,Group 024,FALSE,"["""", """", """", """", """", """", """"]",,No,51,11,40,7,0,17,18,2,,0138,P
user-00444,User 00444,Company 167,Office 046,Group 003,FALSE,"["""", """", """", """", """", """", """"]",,No,1,0,1,0,0,0,4,0,,0167,Z
user-00445,User 00445,Company 027,Office 073,Group 075,FALSE,"["""", """", """", """", """", """", """"]",,No,4,4,0,0,0,2,1,2,,0027,Z
user-00446,User 00446,Company 039,Office 113,Group 051,FALSE,"["""", """", """", """", """", """", """"]",,No,48,32,16,3,0,2,16,1,,0039,A
user-00447,User 00447,Company 007,Office 095,Group 046,TRUE,"["""", """", """", """", """", """", """"]",,No,9,5,4,1,0,16,18,0,,0007,C
user-00448,User 00448,Company 106,Office 033,Group 045,FALSE,"["""", """", """", """", """", """", """"]",,No,4,4,0,1,0,1,16,0,,0106,Z
user-00449,User 00449,Company 073,Office 008,Group 034,FALSE,"["""", """", """", """", """", """", """"]",,No,5,2,3,1,0,11,8,0,,0073,Z
user-00450,User 00450,Company 083,Office 100,Group 041,FALSE,"["""", """", """", """", """", """", """"]",,No,48,38,10,2,0,7,28,5,,0083,A
user-00451,User 00451,Company 086,Office 118,Group 043,FALSE,"["""", """", """", """", """", """", """"]",,No,50,23,27,9,0,14,21,2,,0086,M
user-00452,User 00452,Company 169,Office 042,Group 077,FALSE,"["""", """", """", """", """", """", """"]",,No,47,9,38,4,0,18,9,7,,0169,P
user-00453,User 00453,Company 050,Office 051,Group 057,FALSE,"["""", """", """", """", """", """", """"]",,No,46,18,28,3,0,0,22,0,,0050,A
user-00454,User 00454,Company 156,Office 016,Group 051,FALSE,"["""", ""2"", ""2"", ""2"", ""2"", ""2"", """"]",2,No,48,41,7,1,0,12,11,3,,0156,A
user-00455,User 00455,Company 094,Office 071,Group 010,FALSE,"["""", """", """", """", """", """", """"]",,No,26,23,3,3,0,2,22,4,,0094,B
user-00456,User 00456,Company 117,Office 037,Group 042,FALSE,"["""", """", """", """", """", """", """"]",,No,2,1,1,1,0,11,4,3,,0117,Z
user-00457,User 00457,Company 046,Office 103,Group 084,FALSE,"["""", """", """", """", """", """", """"]",,No,50,28,22,3,0,11,15,2,,0046,P
user-00458,User 00458,Company 109,Office 073,Group 044,FALSE,"["""", """", """", """", """", """", """"]",,No,65,48,17,0,0,0,25,5,,0109,A
user-00459,User 00459,Company 124,Office 107,Group 022,FALSE,"["""", ""6"", ""6"", ""6"", ""6"", ""6"", """"]",6,No,50,8,42,1,0,1,16,2,,0124,A
user-00460,User 00460,Company 077,Office 116,Group 011,FALSE,"["""", """", """", """", """", """", """"]",,No,0,0,0,0,0,0,5,0,,0077,Z
user-00461,User 00461,Company 049,Office 117,Group 012,FALSE,"["""", """", """", """", """", """", """"]",,No,47,41,6,1,0,3,15,2,,0049,A
user-00462,User 00462,Company 113,Office 013,Group 061,FALSE,"["""", """", """", """", """", """", """"]",,No,53,51,2,4,0,8,20,0,,0113,A
user-00463,User 00463,Company 098,Office 095,Group 027,FALSE,"["""", """", """", """", """", """", """"]",,No,45,29,16,8,0,3,5,0,,0098,P
user-00464,User 00464,Company 144,Office 003,Group 050,FALSE,"["""", """", """", """", """", """", """"]",,No,51,10,41,8,0,21,4,1,,0144,P
user-00465,User 00465,Company 129,Office 017,Group 019,FALSE,"["""", """", """", """", """", """", """"]",,No,3,3,0,2,0,0,0,0,,0129,Z
user-00466,User 00466,Company 162,Office 008,Group 031,FALSE,"["""", ""6"", ""6"", ""6"", ""6"", ""6"", """"]",6,No,37,24,13,2,0,3,23,2,,0162,B
user-00467,User 00467,Company 111,Office 065,Group 004,FALSE,"["""", """", """", """", """", """", """"]",,No,34,32,2,4,0,10,20,0,,0111,B
user-00468,User 00468,Company 098,Office 097,Group 087,FALSE,"["""", """", """", """", """", """", """"]",,No,3,2,1,1,0,5,13,0,,0098,Z
user-00469,User 00469,Company 071,Office 043,Group 034,FALSE,"["""", ""3"", ""3"", ""3"", ""3"", ""3"", """"]",3,No,42,15,27,4,0,10,14,0,,0071,B
user-00470,User 00470,Company 059,Office 037,Group 062,FALSE,"["""", """", """", """", """", """", """"]",,Yes,37,12,25,4,0,4,16,3,,0059,B
user-00471,User 00471,Company 162,Office 113,Group 022,FALSE,"["""", """", """", """", """", """", """"]",,No,53,41,12,2,0,10,22,0,,0162,A
user-00472,User 00472,Company 060,Office 045,Group 060,FALSE,"["""", """", """", """", """", """", """"]",,No,44,25,19,1,0,7,21,2,,0060,A
user-00473,User 00473,Company 062,Office 113,Group 053,FALSE,"["""", """", """", """", """", """", """"]",,No,21,20,1,6,0,3,16,0,,0062,C
user-00474,User 00474,Company 075,Office 107,Group 071,FALSE,"["""", """", """", """", """", """", """"]",,No,57,6,51,6,0,14,7,4,,0075,P
user-00475,User 00475,Company 157,Office 116,Group 005,FALSE,"["""", """", """", """", """", """", """"]",,No,21,20,1,4,0,0,15,0,,0157,C
user-00476,User 00476,Company 145,Office 046,Group 063,FALSE,"["""", """", """", """", """", """", """"]",,No,1,1,0,0,0,0,11,2,,0145,Z
user-00477,User 00477,Company 168,Office 026,Group 001,FALSE,"["""", """", """", """", """", """", """"]",,No,27,24,3,2,0,14,11,1,,0168,B
user-00478,User 00478,Company 153,Office 058,Group 089,FALSE,"["""", """", """", """", """", """", """"]",,No,37,10,27,5,1,0,15,3,,0153,B
user-00479,User 00479,Company 129,Office 054,Group 081,FALSE,"["""", """", """", """", """", """", """"]",,No,36,35,1,7,0,7,18,0,,0129,B
user-00480,User 00480,Company 093,Office 085,Group 056,FALSE,"["""", """", """", """", """", """", """"]",,No,3,1,2,0,0,8,1,0,,0093,Z
user-00481,User 00481,Company 052,Office 098,Group 039,FALSE,"["""", """", """", """", """", """", """"]",,No,52,33,19,4,0,0,23,3,,0052,A
user-00482,User 00482,Company 029,Office 107,Group 076,FALSE,"["""", """", """", """", """", """", """"]",,No,15,13,2,2,0,0,16,1,,0029,C
user-00483,User 00483,Company 105,Office 034,Group 044,FALSE,"["""", """", """", """", """", """", """"]",,No,57,28,29,2,0,3,21,2,,0105,A
user-00484,User 00484,Company 010,Office 033,Group 008,FALSE,"["""", """", """", """", """", """", """"]",,No,42,37,5,0,0,9,16,4,,0010,A
user-00485,User 00485,Company 147,Office 045,Group 044,FALSE,"["""", """", """", """", """", """", """"]",,No,0,0,0,0,0,0,0,0,,0147,Z
user-00486,User 00486,Company 127,Office 062,Group 080,FALSE,"["""", """", """", """", """", """", """"]",,No,53,30,23,2,0,6,34,1,,0127,A
user-00487,User 00487,Company 039,Office 086,Group 064,FALSE,"["""", """", """", """", """", """", """"]",,No,43,31,12,0,0,9,30,0,,0039,A
user-00488,User 00488,Company 004,Office 031,Group 043,FALSE,"["""", """", """", """", """", """", """"]",,No,33,16,17,4,1,17,19,0,,0004,M
user-00489,User 00489,Company 167,Office 002,Group 062,FALSE,"["""", """", """", """", """", """", """"]",,No,41,37,4,11,1,19,16,2,,0167,M
user-00490,User 00490,Company 049,Office 114,Group 084,FALSE,"["""", """", """", """", """", """", """"]",,No,46,34,12,3,0,4,19,3,,0049,B
user-00491,User 00491,Company 108,Office 012,Group 075,FALSE,"["""", """", """", """", """", """", """"]",,No,42,17,25,7,1,17,11,0,,0108,M
user-00492,User 00492,Company 011,Office 020,Group 050,FALSE,"["""", """", """", """", """", """", """"]",,No,1,0,1,0,0,3,0,0,,0011,Z
user-00493,User 00493,Company 107,Office 107,Group 035,FALSE,"["""", """", """", """", """", """", """"]",,No,5,3,2,1,0,5,10,0,,0107,Z
user-00494,User 00494,Company 032,Office 061,Group 068,FALSE,"["""", """", """", """", """", """", """"]",,No,50,34,16,4,0,0,20,0,,0032,A
user-00495,User 00495,Company 026,Office 014,Group 072,FALSE,"["""", ""4"", ""4"", ""4"", ""4"", ""4"", """"]",4,No,3,3,0,2,0,8,2,0,,0026,Z
user-00496,User 00496,Company 039,Office 038,Group 083,FALSE,"["""", ""2"", ""2"", ""2"", ""2"", ""2"", """"]",2,No,17,4,13,2,0,0,22,0,,0039,C
user-00497,User 00497,Company 004,Office 017,Group 076,FALSE,"["""", """", """", """", """", """", """"]",,No,48,11,37,2,0,0,28,0,,0004,A
user-00498,User 00498,Company 096,Office 086,Group 007,FALSE,"["""", ""2"", ""2"", ""2"", ""2"", ""2"", """"]",2,No,22,17,5,4,0,18,16,1,,0096,B
user-00499,User 00499,Company 145,Office 006,Group 080,FALSE,"["""", """", """", """", """", """", """"]",,No,3,1,2,0,0,1,2,0,,0145,Z
user-00500,User 00500,Company 080,Office 052,Group 019,TRUE,"["""", """", """", """", """", """", """"]",,No,3,1,2,1,0,1,0,0,,0080,Z
user-00501,User 00501,Company 007,Office 046,Group 031,FALSE,"["""", """", """", """", """", """", """"]",,No,49,19,30,4,1,9,8,2,,0007,A
user-00502,User 00502,Company 166,Office 095,Group 042,TRUE,"["""", """", """", """", """", """", """"]",,No,34,27,7,4,0,12,23,2,,0166,B
user-00503,User 00503,Company 069,Office 120,Group 026,FALSE,"["""", """", """", """", """", """", """"]",,No,38,7,31,6,0,11,23,3,,0069,B
user-00504,User 00504,Company 033,Office 035,Group 039,FALSE,"["""", """", """", """", """", """", """"]",,No,14,10,4,1,0,0,21,0,,0033,C
user-00505,User 00505,Company 158,Office 006,Group 082,FALSE,"["""", """", """", """", """", """", """"]",,No,23,8,15,1,0,14,22,4,,0158,B
user-00506,User 00506,Company 010,Office 074,Group 034,FALSE,"["""", """", """", """", """", """", """"]",,No,16,12,4,1,0,4,21,0,,0010,C
user-00507,User 00507,Company 143,Office 118,Group 019,FALSE,"["""", ""6"", ""6"", ""6"", ""6"", ""6"", """"]",6,No,53,16,37,2,0,3,15,4,,0143,X
user-00508,User 00508,Company 149,Office 085,Group 017,FALSE,"["""", """", """", """", """", """", """"]",,No,31,6,25,2,2,6,9,3,,0149,B
user-00509,User 00509,Company 167,Office 014,Group 077,FALSE,"["""", """", """", """", """", """", """"]",,No,4,4,0,2,0,6,10,0,,0167,Z
user-00510,User 00510,Company 026,Office 025,Group 041,FALSE,"["""", """", """", """", """", """", """"]",,No,53,46,7,2,0,7,24,0,,0026,A
user-00511,User 00511,Company 097,Office 037,Group 026,TRUE,"["""", ""2"", ""2"", ""2"", ""2"", ""2"", """"]",2,No,55,32,23,1,0,4,9,3,,0097,A
user-00512,User 00512,Company 057,Office 105,Group 058,FALSE,"["""", """", """", """", """", """", """"]",,No,24,3,21,3,0,0,20,0,,0057,C
user-00513,User 00513,Company 012,Office 005,Group 086,FALSE,"["""", ""5"", ""5"", ""5"", ""5"", ""5"", """"]",5,No,45,27,18,0,0,0,12,5,,0012,A
user-00514,User 00514,Company 049,Office 112,Group 041,FALSE,"["""", ""3"", ""3"", ""3"", ""3"", ""3"", """"]",3,No,5,2,3,1,0,0,14,1,,0049,Z
user-00515,User 00515,Company 179,Office 098,Group 050,FALSE,"["""", """", """", """", """", """", """"]",,No,33,22,11,1,0,7,26,3,,0179,A
user-00516,User 00516,Company 100,Office 055,Group 082,FALSE,"["""", """", """", """", """", """", """"]",,No,2,0,2,0,0,0,1,0,,0100,Z
user-00517,User 00517,Company 119,Office 101,Group 020,FALSE,"["""", """", """", """", """", """", """"]",,No,39,13,26,3,0,0,19,3,,0119,A
user-00518,User 00518,Company 075,Office 060,Group 066,FALSE,"["""", """", """", """", """", """", """"]",,No,52,44,8,3,0,0,17,3,,0075,A
user-00519,User 00519,Company 172,Office 065,Group 043,FALSE,"["""", """", """", """", """", """", """"]",,No,45,42,3,9,1,4,25,0,,0172,B
user-00520,User 00520,Company 019,Office 103,Group 023,FALSE,"["""", """", """", """", """", """", """"]",,No,41,38,3,0,0,3,20,1,,0019,A
user-00521,User 00521,Company 061,Office 007,Group 033,FALSE,"["""", ""3"", ""3"", ""3"", ""3"", ""3"", """"]",3,No,57,56,1,3,0,12,23,2,,0061,A
user-00522,User 00522,Company 103,Office 011,Group 045,FALSE,"["""", """", """", """", """", """", """"]",,No,43,37,6,2,0,13,17,1,,0103,X
user-00523,User 00523,Company 098,Office 046,Group 011,FALSE,"["""", ""2"", ""2"", ""2"", ""2"", ""2"", """"]",2,No,1,0,1,0,0,14,12,1,,0098,Z
user-00524,User 00524,Company 171,Office 104,Group 017,FALSE,"["""", """", """", """", """", """", """"]",,No,38,33,5,3,0,11,13,3,,0171,B
user-00525,User 00525,Company 161,Office 047,Group 028,FALSE,"["""", """", """", """", """", """", """"]",,No,2,0,2,0,0,0,4,2,,0161,Z
user-00526,User 00526,Company 110,Office 007,Group 060,FALSE,"["""", """", """", """", """", """", """"]",,No,42,36,6,1,0,16,26,0,,0110,A
user-00527,User 00527,Company 176,Office 045,Group 034,FALSE,"["""", """", """", """", """", """", """"]",,No,2,1,1,1,0,0,0,2,,0176,Z
user-00528,User 00528,Company 134,Office 100,Group 007,TRUE,"["""", """", """", """", """", """", """"]",,No,45,43,2,1,0,6,19,6,,0134,A
user-00529,User 00529,Company 112,Office 110,Group 048,TRUE,"["""", """", """", """", """", """", """"]",,No,30,29,1,5,0,21,22,2,,0112,B
user-00530,User 00530,Company 108,Office 021,Group 023,FALSE,"["""", """", """", """", """", """", """"]",,No,5,3,2,0,0,6,15,0,,0108,Z
user-00531,User 00531,Company 142,Office 085,Group 087,FALSE,"["""", ""4"", ""4"", ""4"", ""4"", ""4"", """"]",4,No,38,27,11,3,0,3,21,0,,0142,A
user-00532,User 00532,Company 153,Office 085,Group 027,FALSE,"["""", """", """", """", """", """", """"]",,Yes,37,25,12,5,0,14,15,6,,0153,B
user-00533,User 00533,Company 118,Office 096,Group 072,FALSE,"["""", """", """", """", """", """", """"]",,Yes,6,3,3,3,1,5,5,2,,0118,Z
user-00534,User 00534,Company 166,Office 103,Group 085,FALSE,"["""", """", """", """", """", """", """"]",,No,61,60,1,1,0,2,22,2,,0166,A
user-00535,User 00535,Company 176,Office 113,Group 086,TRUE,"["""", ""3"", ""3"", ""3"", ""3"", ""3"", """"]",3,No,2,0,2,0,0,8,10,0,,0176,Z
user-00536,User 00536,Company 166,Office 049,Group 033,FALSE,"["""", """", """", """", """", """", """"]",,No,12,10,2,1,0,20,23,1,,0166,C
user-00537,User 00537,Company 165,Office 067,Group 057,FALSE,"["""", """", """", """", """", """", """"]",,No,43,40,3,4,0,4,19,1,,0165,X
user-00538,User 00538,Company 004,Office 028,Group 048,FALSE,"["""", """", """", """", """", """", """"]",,No,30,7,23,4,0,12,10,6,,0004,B
user-00539,User 00539,Company 078,Office 077,Group 059,FALSE,"["""", """", """", """", """", """", """"]",,No,4,4,0,0,0,10,9,0,,0078,Z
user-00540,User 00540,Company 162,Office 051,Group 015,FALSE,"["""", """", """", """", """", """", """"]",,No,8,7,1,2,0,2,11,0,,0162,C
user-00541,User 00541,Company 030,Office 035,Group 064,FALSE,"["""", """", """", """", """", """", """"]",,No,2,2,0,1,0,14,8,2,,0030,Z
user-00542,User 00542,Company 028,Office 109,Group 072,TRUE,"["""", """", """", """", """", """", """"]",,No,23,3,20,3,1,13,21,0,,0028,B
user-00543,User 00543,Company 049,Office 029,Group 021,FALSE,"["""", """", """", """", """", """", """"]",,No,54,23,31,0,0,4,27,3,,0049,A
user-00544,User 00544,Company 075,Office 063,Group 067,FALSE,"["""", ""4"", ""4"", ""4"", ""4"", ""4"", """"]",4,No,50,10,40,2,0,1,18,3,,0075,A
user-00545,User 00545,Company 037,Office 054,Group 040,FALSE,"["""", """", """", """", """", """", """"]",,No,14,3,11,1,0,2,10,0,,0037,C
user-00546,User 00546,Company 135,Office 058,Group 002,FALSE,"["""", ""1"", ""1"", ""1"", ""1"", ""1"", """"]",1,No,2,2,0,0,0,2,5,2,,0135,Z
user-00547,User 00547,Company 101,Office 078,Group 086,FALSE,"["""", ""3"", ""3"", ""3"", ""3"", ""3"", """"]",3,No,2,0,2,0,0,0,6,2,,0101,Z
user-00548,User 00548,Company 175,Office 096,Group 070,FALSE,"["""", """", """", """", """", """", """"]",,No,24,17,7,8,0,1,17,3,,0175,B
user-00549,User 00549,Company 097,Office 006,Group 023,FALSE,"["""", """", """", """", """", """", """"]",,No,57,54,3,3,0,4,18,1,,0097,A
user-00550,User 00550,Company 139,Office 115,Group 087,FALSE,"["""", ""1"", ""1"", ""1"", ""1"", ""1"", """"]",1,No,39,28,11,1,0,5,22,2,,0139,A
user-00551,User 00551,Company 063,Office 019,Group 039,FALSE,"["""", """", """", """", """", """", """"]",,No,26,22,4,6,1,18,17,6,,0063,B
user-00552,User 00552,Company 091,Office 003,Group 079,FALSE,"["""", """", """", """", """", """", """"]",,No,36,13,23,3,0,2,15,0,,0091,B
user-00553,User 00553,Company 131,Office 064,Group 001,FALSE,"["""", """", """", """", """", """", """"]",,No,55,17,38,2,0,3,19,0,,0131,A
user-00554,User 00554,Company 101,Office 078,Group 025,FALSE,"["""", """", """", """", """", """", """"]",,No,52,27,25,2,0,5,19,2,,0101,A
user-00555,User 00555,Company 026,Office 011,Group 003,FALSE,"["""", """", """", """", """", """", """"]",,No,31,5,26,4,0,14,14,2,,0026,B
user-00556,User 00556,Company 022,Office 058,Group 084,FALSE,"["""", """", """", """", """", """", """"]",,No,69,39,30,3,0,0,26,4,,0022,A
user-00557,User 00557,Company 009,Office 021,Group 071,FALSE,"["""", """", """", """", """", """", """"]",,No,34,14,20,5,8,5,11,3,,0009,X
user-00558,User 00558,Company 122,Office 110,Group 080,FALSE,"["""", """", """", """", """", """", """"]",,No,62,18,44,0,0,0,21,3,,0122,A
user-00559,User 00559,Company 030,Office 102,Group 042,FALSE,"["""", ""5"", ""5"", ""5"", ""5"", ""5"", """"]",5,No,53,51,2,4,0,6,7,1,,0030,P
user-00560,User 00560,Company 020,Office 114,Group 058,TRUE,"["""", """", """", """", """", """", """"]",,No,51,14,37,5,0,9,17,4,,0020,A
user-00561,User 00561,Company 155,Office 020,Group 073,TRUE,"["""", """", """", """", """", """", """"]",,No,18,6,12,2,0,13,25,0,,0155,C
user-00562,User 00562,Company 167,Office 076,Group 032,FALSE,"["""", """", """", """", """", """", """"]",,No,2,1,1,1,0,0,8,2,,0167,Z
user-00563,User 00563,Company 050,Office 059,Group 014,FALSE,"["""", """", """", """", """", """", """"]",,No,1,0,1,0,0,0,12,0,,0050,Z
user-00564,User 00564,Company 048,Office 086,Group 054,FALSE,"["""", """", """", """", """", """", """"]",,No,51,28,23,0,0,7,21,1,,0048,A
user-00565,User 00565,Company 129,Office 021,Group 082,FALSE,"["""", """", """", """", """", """", """"]",,No,5,1,4,1,0,3,15,0,,0129,Z
user-00566,User 00566,Company 095,Office 003,Group 069,FALSE,"["""", """", """", """", """", """", """"]",,No,57,40,17,2,0,2,14,2,,0095,A
user-00567,User 00567,Company 166,Office 052,Group 011,FALSE,"["""", """", """", """", """", """", """"]",,Yes,24,11,13,2,0,11,13,2,,0166,B
user-00568,User 00568,Company 151,Office 052,Group 058,FALSE,"["""", """", """", """", """", """", """"]",,No,58,20,38,3,0,6,26,0,,0151,A
user-00569,User 00569,Company 133,Office 048,Group 036,FALSE,"["""", """", """", """", """", """", """"]",,No,39,38,1,4,1,12,9,1,,0133,M
user-00570,User 00570,Company 098,Office 057,Group 011,FALSE,"["""", """", """", """", """", """", """"]",,No,42,20,22,1,0,0,17,3,,0098,A
user-00571,User 00571,Company 100,Office 089,Group 055,FALSE,"["""", """", """", """", """", """", """"]",,No,35,15,20,6,0,5,21,0,,0100,B
user-00572,User 00572,Company 001,Office 070,Group 051,FALSE,"["""", """", """", """", """", """", """"]",,No,43,30,13,6,0,18,5,6,,0001,P
user-00573,User 00573,Company 063,Office 043,Group 060,FALSE,"["""", """", """", """", """", """", """"]",,No,27,8,19,7,0,7,11,4,,0063,B
user-00574,User 00574,Company 100,Office 093,Group 040,FALSE,"["""", """", """", """", """", """", """"]",,No,29,20,9,3,0,7,8,6,,0100,B
user-00575,User 00575,Company 105,Office 048,Group 048,FALSE,"["""", """", """", """", """", """", """"]",,No,3,1,2,1,0,14,11,0,,0105,Z
user-00576,User 00576,Company 113,Office 010,Group 013,TRUE,"["""", """", """", """", """", """", """"]",,No,28,28,0,1,0,7,18,0,,0113,B
user-00577,User 00577,Company 021,Office 035,Group 036,FALSE,"["""", """", """", """", """", """", """"]",,No,4,3,1,1,0,7,1,0,,0021,Z
user-00578,User 00578,Company 177,Office 117,Group 061,FALSE,"["""", """", """", """", """", """", """"]",,No,54,30,24,1,0,0,15,2,,0177,A
user-00579,User 00579,Company 174,Office 054,Group 063,TRUE,"["""", """", """", """", """", """", """"]",,No,23,13,10,6,0,9,18,2,,0174,B
user-00580,User 00580,Company 122,Office 021,Group 063,FALSE,"["""", """", """", """", """", """", """"]",,No,36,28,8,5,1,2,6,2,,0122,X
user-00581,User 00581,Company 110,Office 095,Group 007,FALSE,"["""", """", """", """", """", """", """"]",,No,46,20,26,1,0,6,17,0,,0110,A
user-00582,User 00582,Company 078,Office 085,Group 041,FALSE,"["""", """", """", """", """", """", """"]",,No,0,0,0,0,0,7,8,1,,0078,Z
user-00583,User 00583,Company 021,Office 100,Group 026,FALSE,"["""", """", """", """", """", """", """"]",,No,60,18,42,3,0,15,20,2,,0021,A
user-00584,User 00584,Company 152,Office 117,Group 020,FALSE,"["""", """", """", """", """", """", """"]",,No,51,44,7,1,0,0,25,2,,0152,A
user-00585,User 00585,Company 080,Office 108,Group 047,FALSE,"["""", """", """", """", """", """", """"]",,No,41,38,3,6,0,1,19,2,,0080,X
user-00586,User 00586,Company 140,Office 041,Group 048,FALSE,"["""", """", """", """", """", """", """"]",,No,7,7,0,2,0,5,9,1,,0140,Z
user-00587,User 00587,Company 146,Office 020,Group 084,FALSE,"["""", """", """", """", """", """", """"]",,No,52,38,14,1,0,5,13,2,,0146,A
user-00588,User 00588,Company 155,Office 048,Group 069,FALSE,"["""", """", """", """", """", """", """"]",,No,8,3,5,1,0,0,1,0,,0155,Z
user-00589,User 00589,Company 101,Office 083,Group 010,FALSE,"["""", """", """", """", """", """", """"]",,No,54,52,2,3,0,8,20,1,,0101,A
user-00590,User 00590,Company 092,Office 024,Group 088,TRUE,"["""", """", """", """", """", """", """"]",,No,48,6,42,0,0,11,14,3,,0092,A
user-00591,User 00591,Company 042,Office 013,Group 023,FALSE,"["""", """", """", """", """", """", """"]",,No,43,15,28,2,0,10,13,5,,0042,P
user-00592,User 00592,Company 146,Office 052,Group 036,FALSE,"["""", """", """", """", """", """", """"]",,No,3,1,2,0,0,0,11,0,,0146,Z
user-00593,User 00593,Company 025,Office 088,Group 077,FALSE,"["""", """", """", """", """", """", """"]",,No,39,22,17,6,0,13,27,2,,0025,B
user-00594,User 00594,Company 050,Office 067,Group 009,TRUE,"["""", ""3"", ""3"", ""3"", ""3"", ""3"", """"]",3,No,14,14,0,3,0,7,19,3,,0050,C
user-00595,User 00595,Company 045,Office 021,Group 049,FALSE,"["""", """", """", """", """", """", """"]",,No,47,30,17,2,0,0,9,4,,0045,A
user-00596,User 00596,Company 160,Office 029,Group 039,FALSE,"["""", ""6"", ""6"", ""6"", ""6"", ""6"", """"]",6,No,32,6,26,4,0,10,17,3,,0160,B
user-00597,User 00597,Company 054,Office 115,Group 058,FALSE,"["""", """", """", """", """", """", """"]",,No,26,1,25,1,0,17,19,0,,0054,C
user-00598,User 00598,Company 052,Office 048,Group 033,FALSE,"["""", """", """", """", """", """", """"]",,No,46,18,28,4,0,6,22,5,,0052,A
user-00599,User 00599,Company 166,Office 006,Group 012,FALSE,"["""", """", """", """", """", """", """"]",,No,25,13,12,4,0,15,17,0,,0166,B
user-00600,User 00600,Company 016,Office 053,Group 085,FALSE,"["""", """", """", """", """", """", """"]",,No,43,24,19,4,0,8,26,3,,0016,A
user-00601,User 00601,Company 092,Office 079,Group 001,TRUE,"["""", """", """", """", """", """", """"]",,No,3,0,3,0,0,8,3,1,,0092,Z
user-00602,User 00602,Company 061,Office 027,Group 020,FALSE,"["""", """", """", """", """", """", """"]",,No,54,31,23,3,0,10,20,3,,0061,A
user-00603,User 00603,Company 161,Office 010,Group 044,FALSE,"["""", """", """", """", """", """", """"]",,No,4,2,2,1,0,2,7,0,,0161,Z
user-00604,User 00604,Company 180,Office 109,Group 086,FALSE,"["""", """", """", """", """", """", """"]",,No,47,43,4,4,0,0,17,3,,0180,A
user-00605,User 00605,Company 047,Office 003,Group 035,FALSE,"["""", """", """", """", """", """", """"]",,No,1,1,0,0,0,0,12,0,,0047,Z
user-00606,User 00606,Company 097,Office 097,Group 081,TRUE,"["""", """", """", """", """", """", """"]",,No,2,2,0,1,0,3,9,3,,0097,Z
user-00607,User 00607,Company 157,Office 093,Group 065,FALSE,"["""", """", """", """", """", """", """"]",,No,1,0,1,0,0,5,13,4,,0157,Z
user-00608,User 00608,Company 033,Office 047,Group 022,TRUE,"["""", """", """", """", """", """", """"]",,No,22,1,21,1,0,5,22,0,,0033,C
user-00609,User 00609,Company 021,Office 036,Group 071,FALSE,"["""", """", """", """", """", """", """"]",,No,14,11,3,1,0,4,22,2,,0021,C
user-00610,User 00610,Company 029,Office 103,Group 025,FALSE,"["""", """", """", """", """", """", """"]",,Yes,50,45,5,0,0,0,16,0,,0029,A
user-00611,User 00611,Company 132,Office 012,Group 004,FALSE,"["""", """", """", """", """", """", """"]",,No,36,14,22,9,11,0,13,1,,0132,X
user-00612,User 00612,Company 050,Office 009,Group 051,FALSE,"["""", """", """", """", """", """", """"]",,No,41,29,12,4,1,11,16,0,,0050,B
user-00613,User 00613,Company 068,Office 034,Group 087,FALSE,"["""", """", """", """", """", """", """"]",,No,45,27,18,1,0,6,25,2,,0068,A
user-00614,User 00614,Company 089,Office 113,Group 003,FALSE,"["""", ""1"", ""1"", ""1"", ""1"", ""1"", """"]",1,No,49,31,18,5,0,22,12,2,,0089,M
user-00615,User 00615,Company 106,Office 106,Group 007,FALSE,"["""", """", """", """", """", """", """"]",,No,56,49,7,9,0,11,5,3,,0106,M
user-00616,User 00616,Company 044,Office 097,Group 066,TRUE,"["""", """", """", """", """", """", """"]",,No,32,6,26,5,0,5,21,1,,0044,B
user-00617,User 00617,Company 044,Office 080,Group 006,FALSE,"["""", """", """", """", """", """", """"]",,No,30,12,18,1,0,15,20,2,,0044,B
user-00618,User 00618,Company 132,Office 032,Group 085,FALSE,"["""", """", """", """", """", """", """"]",,No,49,4,45,2,0,10,16,4,,0132,A
user-00619,User 00619,Company 025,Office 050,Group 075,FALSE,"["""", """", """", """", """", """", """"]",,No,33,16,17,4,0,13,16,0,,0025,B
user-00620,User 00620,Company 150,Office 018,Group 057,FALSE,"["""", """", """", """", """", """", """"]",,No,2,2,0,0,1,0,7,0,,0150,Z
user-00621,User 00621,Company 063,Office 101,Group 036,FALSE,"["""", ""3"", ""3"", ""3"", ""3"", ""3"", """"]",3,No,28,26,2,5,0,15,22,0,,0063,B
user-00622,User 00622,Company 008,Office 007,Group 046,FALSE,"["""", ""3"", ""3"", ""3"", ""3"", ""3"", """"]",3,No,53,45,8,1,0,3,14,4,,0008,A
user-00623,User 00623,Company 083,Office 068,Group 065,FALSE,"["""", """", """", """", """", """", """"]",,No,14,3,11,0,0,15,17,0,,0083,C
user-00624,User 00624,Company 096,Office 019,Group 060,FALSE,"["""", """", """", """", """", """", """"]",,No,56,19,37,3,0,7,16,5,,0096,A
user-00625,User 00625,Company 135,Office 062,Group 012,FALSE,"["""", """", """", """", """", """", """"]",,No,42,24,18,7,0,5,16,5,,0135,A
user-00626,User 00626,Company 137,Office 020,Group 010,FALSE,"["""", """", """", """", """", """", """"]",,No,1,0,1,0,0,7,9,4,,0137,Z
user-00627,User 00627,Company 109,Office 112,Group 008,FALSE,"["""", """", """", """", """", """", """"]",,No,25,24,1,2,0,7,19,0,,0109,B
user-00628,User 00628,Company 044,Office 096,Group 005,FALSE,"["""", ""4"", ""4"", ""4"", ""4"", ""4"", """"]",4,No,44,43,1,12,2,16,13,2,,0044,M
user-00629,User 00629,Company 051,Office 092,Group 001,FALSE,"["""", """", """", """", """", """", """"]",,No,1,1,0,0,0,7,0,2,,0051,Z
user-00630,User 00630,Company 079,Office 035,Group 059,FALSE,"["""", """", """", """", """", """", """"]",,No,2,1,1,0,0,0,9,6,,0079,Z
user-00631,User 00631,Company 175,Office 009,Group 088,FALSE,"["""", """", """", """", """", """", """"]",,No,3,2,1,1,0,6,11,4,,0175,Z
user-00632,User 00632,Company 076,Office 081,Group 090,FALSE,"["""", """", """", """", """", """", """"]",,No,51,34,17,0,0,6,27,7,,0076,A
user-00633,User 00633,Company 043,Office 046,Group 011,FALSE,"["""", """", """", """", """", """", """"]",,No,45,20,25,2,0,14,19,3,,0043,X
user-00634,User 00634,Company 163,Office 072,Group 086,FALSE,"["""", ""5"", ""5"", ""5"", ""5"", ""5"", """"]",5,No,35,28,7,3,1,7,17,2,,0163,B
user-00635,User 00635,Company 056,Office 115,Group 005,TRUE,"["""", """", """", """", """", """", """"]",,No,4,1,3,1,0,1,13,2,,0056,Z
user-00636,User 00636,Company 125,Office 003,Group 082,FALSE,"["""", """", """", """", """", """", """"]",,No,4,3,1,1,0,7,7,0,,0125,Z
user-00637,User 00637,Company 115,Office 118,Group 054,FALSE,"["""", """", """", """", """", """", """"]",,No,37,26,11,6,0,18,10,0,,0115,M
user-00638,User 00638,Company 022,Office 091,Group 033,FALSE,"["""", """", """", """", """", """", """"]",,No,48,2,46,2,0,18,15,1,,0022,P
user-00639,User 00639,Company 085,Office 022,Group 055,FALSE,"["""", """", """", """", """", """", """"]",,No,55,30,25,1,0,4,25,2,,0085,A
user-00640,User 00640,Company 004,Office 068,Group 008,FALSE,"["""", """", """", """", """", """", """"]",,No,36,31,5,5,0,16,16,1,,0004,M
user-00641,User 00641,Company 112,Office 073,Group 039,FALSE,"["""", """", """", """", """", """", """"]",,No,13,6,7,3,0,0,19,0,,0112,C
user-00642,User 00642,Company 081,Office 041,Group 035,FALSE,"["""", """", """", """", """", """", """"]",,No,1,0,1,0,0,0,7,1,,0081,Z
user-00643,User 00643,Company 121,Office 091,Group 054,FALSE,"["""", ""4"", ""4"", ""4"", ""4"", ""4"", """"]",4,Yes,40,29,11,1,0,6,19,0,,0121,A
user-00644,User 00644,Company 143,Office 027,Group 076,FALSE,"["""", """", """", """", """", """", """"]",,No,44,32,12,2,0,12,10,6,,0143,A
user-00645,User 00645,Company 042,Office 070,Group 089,FALSE,"["""", """", """", """", """", """", """"]",,No,47,46,1,1,0,7,34,0,,0042,A
user-00646,User 00646,Company 157,Office 108,Group 006,FALSE,"["""", """", """", """", """", """", """"]",,No,48,4,44,2,0,2,18,2,,0157,A
user-00647,User 00647,Company 043,Office 011,Group 034,TRUE,"["""", """", """", """", """", """", """"]",,No,48,22,26,3,0,8,19,0,,0043,A
user-00648,User 00648,Company 039,Office 106,Group 069,TRUE,"["""", """", """", """", """", """", """"]",,No,36,31,5,1,0,11,19,0,,0039,B
user-00649,User 00649,Company 026,Office 023,Group 084,TRUE,"["""", """", """", """", """", """", """"]",,No,49,7,42,3,0,9,24,0,,0026,A
user-00650,User 00650,Company 146,Office 038,Group 043,FALSE,"["""", """", """", """", """", """", """"]",,No,36,6,30,4,0,11,13,1,,0146,X
user-00651,User 00651,Company 156,Office 066,Group 071,FALSE,"["""", """", """", """", """", """", """"]",,No,35,34,1,5,0,11,21,7,,0156,B
user-00652,User 00652,Company 022,Office 044,Group 030,FALSE,"["""", ""1"", ""1"", ""1"", ""1"", ""1"", """"]",1,No,48,27,21,8,1,17,14,0,,0022,M
user-00653,User 00653,Company 084,Office 074,Group 069,FALSE,"["""", """", """", """", """", """", """"]",,No,2,1,1,1,0,3,3,0,,0084,Z
user-00654,User 00654,Company 049,Office 047,Group 088,FALSE,"["""", """", """", """", """", """", """"]",,No,27,15,12,4,0,2,20,1,,0049,B
user-00655,User 00655,Company 033,Office 104,Group 007,FALSE,"["""", """", """", """", """", """", """"]",,Yes,33,7,26,2,0,7,16,3,,0033,B
user-00656,User 00656,Company 015,Office 066,Group 052,FALSE,"["""", ""2"", ""2"", ""2"", ""2"", ""2"", """"]",2,No,30,29,1,2,0,8,13,5,,0015,B
user-00657,User 00657,Company 039,Office 065,Group 058,FALSE,"["""", """", """", """", """", """", """"]",,No,35,29,6,3,0,7,15,0,,0039,M
user-00658,User 00658,Company 130,Office 113,Group 056,FALSE,"["""", """", """", """", """", """", """"]",,No,8,5,3,0,0,0,0,0,,0130,Z
user-00659,User 00659,Company 077,Office 065,Group 059,FALSE,"["""", ""5"", ""5"", ""5"", ""5"", ""5"", """"]",5,No,61,35,26,2,0,17,22,3,,0077,A
user-00660,User 00660,Company 166,Office 041,Group 015,FALSE,"["""", ""2"", ""2"", ""2"", ""2"", ""2"", """"]",2,No,1,0,1,0,0,0,6,0,,0166,Z
user-00661,User 00661,Company 104,Office 115,Group 061,FALSE,"["""", """", """", """", """", """", """"]",,No,45,25,20,2,0,8,13,0,,0104,A
user-00662,User 00662,Company 180,Office 047,Group 068,FALSE,"["""", """", """", """", """", """", """"]",,No,43,25,18,5,0,4,19,4,,0180,B
user-00663,User 00663,Company 142,Office 059,Group 089,FALSE,"["""", """", """", """", """", """", """"]",,No,25,12,13,2,0,10,10,5,,0142,B
user-00664,User 00664,Company 023,Office 046,Group 001,FALSE,"["""", """", """", """", """", """", """"]",,No,3,3,0,0,0,4,3,1,,0023,Z
user-00665,User 00665,Company 042,Office 058,Group 051,FALSE,"["""", """", """", """", """", """", """"]",,No,46,36,10,4,0,11,10,0,,0042,M
user-00666,User 00666,Company 145,Office 070,Group 015,FALSE,"["""", ""5"", ""5"", ""5"", ""5"", ""5"", """"]",5,No,33,9,24,1,1,16,20,3,,0145,B
user-00667,User 00667,Company 068,Office 109,Group 071,FALSE,"["""", """", """", """", """", """", """"]",,No,42,18,24,11,0,17,20,0,,0068,M
user-00668,User 00668,Company 140,Office 075,Group 043,FALSE,"["""", """", """", """", """", """", """"]",,No,45,23,22,2,1,8,24,1,,0140,X
user-00669,User 00669,Company 092,Office 002,Group 044,FALSE,"["""", """", """", """", """", """", """"]",,No,40,26,14,2,0,8,8,2,,0092,B
user-00670,User 00670,Company 047,Office 007,Group 062,FALSE,"["""", """", """", """", """", """", """"]",,No,28,13,15,1,0,7,17,0,,0047,B
user-00671,User 00671,Company 160,Office 005,Group 021,FALSE,"["""", """", """", """", """", """", """"]",,No,54,19,35,2,0,0,17,0,,0160,A
user-00672,User 00672,Company 180,Office 063,Group 017,FALSE,"["""", """", """", """", """", """", """"]",,No,59,20,39,5,0,7,17,1,,0180,A
user-00673,User 00673,Company 048,Office 092,Group 034,TRUE,"["""", """", """", """", """", """", """"]",,No,30,19,11,3,0,9,20,2,,0048,B
user-00674,User 00674,Company 056,Office 073,Group 042,FALSE,"["""", """", """", """", """", """", """"]",,No,12,0,12,0,0,6,12,1,,0056,C
user-00675,User 00675,Company 014,Office 098,Group 020,FALSE,"["""", """", """", """", """", """", """"]",,No,3,1,2,1,1,7,12,0,,0014,Z
user-00676,User 00676,Company 021,Office 024,Group 067,FALSE,"["""", """", """", """", """", """", """"]",,No,62,14,48,2,0,5,18,5,,0021,A
user-00677,User 00677,Company 145,Office 090,Group 005,FALSE,"["""", """", """", """", """", """", """"]",,No,29,7,22,3,0,0,10,6,,0145,B
user-00678,User 00678,Company 008,Office 106,Group 061,FALSE,"["""", """", """", """", """", """", """"]",,No,59,54,5,4,0,0,11,0,,0008,A
user-00679,User 00679,Company 052,Office 097,Group 014,FALSE,"["""", """", """", """", """", """", """"]",,No,37,26,11,3,0,9,18,3,,0052,A
user-00680,User 00680,Company 070,Office 040,Group 077,FALSE,"["""", """", """", """", """", """", """"]",,No,30,19,11,3,0,9,16,4,,0070,B
user-00681,User 00681,Company 102,Office 028,Group 072,FALSE,"["""", """", """", """", """", """", """"]",,No,1,1,0,0,0,0,5,3,,0102,Z
user-00682,User 00682,Company 063,Office 003,Group 058,FALSE,"["""", """", """", """", """", """", """"]",,No,64,6,58,4,1,0,18,2,,0063,A
user-00683,User 00683,Company 094,Office 051,Group 083,FALSE,"["""", ""3"", ""3"", ""3"", ""3"", ""3"", """"]",3,No,19,17,2,0,0,6,21,0,,0094,C
user-00684,User 00684,Company 082,Office 033,Group 029,FALSE,"["""", """", """", """", """", """", """"]",,No,36,16,20,3,0,13,13,0,,0082,B
user-00685,User 00685,Company 020,Office 059,Group 077,FALSE,"["""", """", """", """", """", """", """"]",,No,3,0,3,0,0,0,12,0,,0020,Z
user-00686,User 00686,Company 093,Office 007,Group 012,FALSE,"["""", """", """", """", """", """", """"]",,No,19,3,16,1,0,5,16,3,,0093,C
user-00687,User 00687,Company 146,Office 041,Group 065,FALSE,"["""", ""3"", ""3"", ""3"", ""3"", ""3"", """"]",3,No,29,19,10,5,0,13,19,0,,0146,B
user-00688,User 00688,Company 074,Office 080,Group 044,FALSE,"["""", """", """", """", """", """", """"]",,No,38,38,0,2,0,20,9,3,,0074,P
user-00689,User 00689,Company 098,Office 051,Group 083,FALSE,"["""", """", """", """", """", """", """"]",,No,52,35,17,1,0,2,15,1,,0098,A
user-00690,User 00690,Company 113,Office 060,Group 051,FALSE,"["""", """", """", """", """", """", """"]",,No,37,22,15,1,0,0,30,1,,0113,A
user-00691,User 00691,Company 137,Office 085,Group 089,FALSE,"["""", """", """", """", """", """", """"]",,No,51,9,42,1,0,11,18,2,,0137,A
user-00692,User 00692,Company 114,Office 104,Group 080,FALSE,"["""", """", """", """", """", """", """"]",,No,51,37,14,2,0,6,18,4,,0114,A
user-00693,User 00693,Company 132,Office 117,Group 090,FALSE,"["""", """", """", """", """", """", """"]",,No,39,6,33,2,0,4,21,3,,0132,A
user-00694,User 00694,Company 040,Office 012,Group 022,FALSE,"["""", """", """", """", """", """", """"]",,No,49,9,40,3,0,0,21,3,,0040,A
user-00695,User 00695,Company 144,Office 095,Group 026,FALSE,"["""", """", """", """", """", """", """"]",,No,47,10,37,1,0,7,20,1,,0144,A
user-00696,User 00696,Company 121,Office 027,Group 016,FALSE,"["""", """", """", """", """", """", """"]",,No,55,31,24,1,0,6,16,3,,0121,A
user-00697,User 00697,Company 135,Office 080,Group 074,FALSE,"["""", """", """", """", """", """", """"]",,No,56,43,13,0,0,9,26,0,,0135,A
user-00698,User 00698,Company 131,Office 059,Group 027,FALSE,"["""", """", """", """", """", """", """"]",,No,0,0,0,0,0,2,0,0,,0131,Z
user-00699,User 00699,Company 147,Office 094,Group 042,FALSE,"["""", """", """", """", """", """", """"]",,No,31,28,3,2,0,6,21,3,,0147,B
user-00700,User 00700,Company 097,Office 054,Group 068,FALSE,"["""", """", """", """", """", """", """"]",,No,43,30,13,6,0,5,14,0,,0097,B
user-00701,User 00701,Company 044,Office 112,Group 040,TRUE,"["""", """", """", """", """", """", """"]",,No,34,23,11,9,0,15,14,1,,0044,M
user-00702,User 00702,Company 082,Office 013,Group 074,FALSE,"["""", """", """", """", """", """", """"]",,No,2,0,2,0,0,0,4,0,,0082,Z
user-00703,User 00703,Company 099,Office 117,Group 069,FALSE,"["""", """", """", """", """", """", """"]",,No,48,34,14,2,0,9,23,1,,0099,A
user-00704,User 00704,Company 075,Office 093,Group 078,FALSE,"["""", """", """", """", """", """", """"]",,No,39,26,13,7,0,15,19,6,,0075,B
user-00705,User 00705,Company 022,Office 031,Group 035,FALSE,"["""", ""2"", ""2"", ""2"", ""2"", ""2"", """"]",2,No,53,16,37,7,1,12,8,0,,0022,M
user-00706,User 00706,Company 014,Office 037,Group 069,FALSE,"["""", """", """", """", """", """", """"]",,No,58,31,27,4,0,6,13,2,,0014,A
user-00707,User 00707,Company 069,Office 022,Group 084,FALSE,"["""", """", """", """", """", """", """"]",,No,23,8,15,2,0,14,20,0,,0069,C
user-00708,User 00708,Company 154,Office 088,Group 057,FALSE,"["""", """", """", """", """", """", """"]",,No,42,33,9,1,0,1,25,1,,0154,A
user-00709,User 00709,Company 099,Office 087,Group 029,FALSE,"["""", ""4"", ""4"", ""4"", ""4"", ""4"", """"]",4,No,40,35,5,2,0,5,13,3,,0099,A
user-00710,User 00710,Company 107,Office 028,Group 076,FALSE,"["""", """", """", """", """", """", """"]",,No,44,13,31,8,0,10,17,0,,0107,M
user-00711,User 00711,Company 152,Office 061,Group 023,FALSE,"["""", """", """", """", """", """", """"]",,No,35,29,6,7,0,11,23,2,,0152,B
user-00712,User 00712,Company 016,Office 027,Group 025,TRUE,"["""", """", """", """", """", """", """"]",,No,5,4,1,0,0,6,1,0,,0016,Z
user-00713,User 00713,Company 125,Office 077,Group 005,FALSE,"["""", """", """", """", """", """", """"]",,No,17,2,15,2,0,4,6,5,,0125,C
user-00714,User 00714,Company 027,Office 056,Group 024,FALSE,"["""", """", """", """", """", """", """"]",,No,50,32,18,1,0,7,25,2,,0027,A
user-00715,User 00715,Company 081,Office 067,Group 065,TRUE,"["""", """", """", """", """", """", """"]",,No,48,40,8,14,0,18,9,0,,0081,M
user-00716,User 00716,Company 016,Office 088,Group 073,FALSE,"["""", """", """", """", """", """", """"]",,No,45,18,27,1,0,5,15,1,,0016,A
user-00717,User 00717,Company 088,Office 051,Group 048,FALSE,"["""", """", """", """", """", """", """"]",,No,40,9,31,4,0,10,15,5,,0088,B
user-00718,User 00718,Company 039,Office 080,Group 062,FALSE,"["""", """", """", """", """", """", """"]",,No,36,19,17,1,0,8,14,0,,0039,B
user-00719,User 00719,Company 076,Office 039,Group 076,FALSE,"["""", """", """", """", """", """", """"]",,No,49,42,7,1,0,4,25,0,,0076,A
user-00720,User 00720,Company 042,Office 058,Group 001,FALSE,"["""", ""1"", ""1"", ""1"", ""1"", ""1"", """"]",1,No,3,1,2,1,0,14,1,0,,0042,Z
user-00721,User 00721,Company 109,Office 036,Group 047,FALSE,"["""", """", """", """", """", """", """"]",,No,38,12,26,7,0,19,11,3,,0109,M
user-00722,User 00722,Company 004,Office 112,Group 043,FALSE,"["""", ""1"", ""1"", ""1"", ""1"", ""1"", """"]",1,No,49,20,29,0,0,3,19,5,,0004,A
user-00723,User 00723,Company 072,Office 026,Group 067,FALSE,"["""", """", """", """", """", """", """"]",,No,51,11,40,7,0,12,9,4,,0072,M
user-00724,User 00724,Company 163,Office 003,Group 031,FALSE,"["""", """", """", """", """", """", """"]",,No,54,25,29,4,1,6,16,2,,0163,X
user-00725,User 00725,Company 114,Office 057,Group 082,FALSE,"["""", """", """", """", """", """", """"]",,No,36,7,29,3,0,11,28,2,,0114,B
user-00726,User 00726,Company 049,Office 064,Group 088,FALSE,"["""", """", """", """", """", """", """"]",,No,53,16,37,5,0,4,25,0,,0049,A
user-00727,User 00727,Company 033,Office 074,Group 040,FALSE,"["""", """", """", """", """", """", """"]",,No,35,17,18,4,0,0,23,3,,0033,A
user-00728,User 00728,Company 143,Office 097,Group 067,FALSE,"["""", """", """", """", """", """", """"]",,No,2,2,0,0,0,1,8,0,,0143,Z
user-00729,User 00729,Company 021,Office 061,Group 016,FALSE,"["""", """", """", """", """", """", """"]",,No,2,2,0,1,0,11,0,0,,0021,Z
user-00730,User 00730,Company 069,Office 046,Group 038,FALSE,"["""", """", """", """", """", """", """"]",,No,53,41,12,2,0,14,23,1,,0069,A
user-00731,User 00731,Company 135,Office 050,Group 007,FALSE,"["""", ""5"", ""5"", ""5"", ""5"", ""5"", """"]",5,No,49,7,42,2,1,1,21,3,,0135,A
user-00732,User 00732,Company 039,Office 088,Group 036,FALSE,"["""", """", """", """", """", """", """"]",,No,39,20,19,8,0,17,23,0,,0039,M
user-00733,User 00733,Company 176,Office 036,Group 030,FALSE,"["""", """", """", """", """", """", """"]",,No,38,18,20,4,0,1,25,1,,0176,A
user-00734,User 00734,Company 179,Office 058,Group 022,FALSE,"["""", ""6"", ""6"", ""6"", ""6"", ""6"", """"]",6,No,1,1,0,1,0,4,6,2,,0179,Z
user-00735,User 00735,Company 086,Office 062,Group 047,FALSE,"["""", """", """", """", """", """", """"]",,No,40,37,3,8,1,11,10,0,,0086,M
user-00736,User 00736,Company 128,Office 095,Group 027,FALSE,"["""", """", """", """", """", """", """"]",,No,50,38,12,4,0,0,11,3,,0128,A
user-00737,User 00737,Company 030,Office 112,Group 032,FALSE,"["""", """", """", """", """", """", """"]",,No,49,3,46,2,0,1,22,3,,0030,A
user-00738,User 00738,Company 150,Office 104,Group 017,FALSE,"["""", """", """", """", """", """", """"]",,No,29,9,20,3,0,6,23,3,,0150,B
user-00739,User 00739,Company 095,Office 047,Group 059,FALSE,"["""", """", """", """", """", """", """"]",,No,45,32,13,14,0,15,13,2,,0095,M
user-00740,User 00740,Company 105,Office 061,Group 065,FALSE,"["""", """", """", """", """", """", """"]",,No,24,3,21,1,0,10,26,0,,0105,C
user-00741,User 00741,Company 007,Office 072,Group 011,FALSE,"["""", ""6"", ""6"", ""6"", ""6"", ""6"", """"]",6,No,44,43,1,5,0,7,24,3,,0007,B
user-00742,User 00742,Company 159,Office 024,Group 055,FALSE,"["""", ""3"", ""3"", ""3"", ""3"", ""3"", """"]",3,No,4,1,3,1,0,5,5,1,,0159,Z
user-00743,User 00743,Company 114,Office 063,Group 089,FALSE,"["""", """", """", """", """", """", """"]",,No,5,3,2,0,0,2,3,0,,0114,Z
user-00744,User 00744,Company 023,Office 102,Group 079,FALSE,"["""", """", """", """", """", """", """"]",,No,42,40,2,2,0,9,18,7,,0023,B
user-00745,User 00745,Company 059,Office 069,Group 060,FALSE,"["""", """", """", """", """", """", """"]",,No,43,40,3,1,0,3,26,0,,0059,A
user-00746,User 00746,Company 095,Office 032,Group 075,FALSE,"["""", """", """", """", """", """", """"]",,No,17,13,4,1,0,9,27,1,,0095,C
user-00747,User 00747,Company 073,Office 059,Group 026,FALSE,"["""", """", """", """", """", """", """"]",,No,39,4,35,2,0,10,18,0,,0073,B
user-00748,User 00748,Company 146,Office 027,Group 001,FALSE,"["""", """", """", """", """", """", """"]",,Yes,33,13,20,3,0,11,12,1,,0146,B
user-00749,User 00749,Company 119,Office 109,Group 020,FALSE,"["""", """", """", """", """", """", """"]",,No,2,1,1,1,0,12,3,0,,0119,Z
user-00750,User 00750,Company 123,Office 006,Group 014,TRUE,"["""", """", """", """", """", """", """"]",,No,48,39,9,3,0,5,30,4,,0123,A
user-00751,User 00751,Company 025,Office 080,Group 087,FALSE,"["""", """", """", """", """", """", """"]",,No,56,33,23,3,0,2,23,4,,0025,A
user-00752,User 00752,Company 031,Office 058,Group 083,FALSE,"["""", """", """", """", """", """", """"]",,No,38,23,15,6,0,17,17,0,,0031,M
user-00753,User 00753,Company 167,Office 088,Group 018,FALSE,"["""", """", """", """", """", """", """"]",,No,54,30,24,11,0,20,15,1,,0167,M
user-00754,User 00754,Company 098,Office 062,Group 037,FALSE,"["""", """", """", """", """", """", """"]",,No,50,28,22,2,0,10,19,1,,0098,A
user-00755,User 00755,Company 047,Office 062,Group 070,FALSE,"["""", """", """", """", """", """", """"]",,Yes,38,24,14,5,0,22,20,3,,0047,M
user-00756,User 00756,Company 116,Office 079,Group 009,FALSE,"["""", """", """", """", """", """", """"]",,No,51,30,21,8,0,20,20,0,,0116,M
user-00757,User 00757,Company 042,Office 035,Group 059,FALSE,"["""", """", """", """", """", """", """"]",,No,45,5,40,2,1,13,18,0,,0042,A
user-00758,User 00758,Company 132,Office 072,Group 028,FALSE,"["""", """", """", """", """", """", """"]",,No,41,23,18,4,0,0,11,1,,0132,A
user-00759,User 00759,Company 120,Office 117,Group 068,FALSE,"["""", ""6"", ""6"", ""6"", ""6"", ""6"", """"]",6,No,3,3,0,0,0,13,6,0,,0120,Z
user-00760,User 00760,Company 132,Office 068,Group 074,FALSE,"["""", """", """", """", """", """", """"]",,No,57,34,23,8,0,18,11,0,,0132,M
user-00761,User 00761,Company 126,Office 063,Group 049,FALSE,"["""", """", """", """", """", """", """"]",,No,45,32,13,4,0,12,8,2,,0126,B
user-00762,User 00762,Company 116,Office 001,Group 019,FALSE,"["""", ""4"", ""4"", ""4"", ""4"", ""4"", """"]",4,No,13,9,4,3,0,1,26,1,,0116,C
user-00763,User 00763,Company 040,Office 093,Group 001,FALSE,"["""", """", """", """", """", """", """"]",,No,19,15,4,5,0,8,23,1,,0040,C
user-00764,User 00764,Company 073,Office 015,Group 041,FALSE,"["""", """", """", """", """", """", """"]",,No,52,10,42,5,0,1,24,3,,0073,A
user-00765,User 00765,Company 134,Office 080,Group 090,FALSE,"["""", """", """", """", """", """", """"]",,No,44,26,18,3,0,6,15,0,,0134,A
user-00766,User 00766,Company 042,Office 031,Group 087,FALSE,"["""", """", """", """", """", """", """"]",,No,40,5,35,3,0,13,10,0,,0042,B
user-00767,User 00767,Company 122,Office 023,Group 015,FALSE,"["""", """", """", """", """", """", """"]",,No,38,24,14,8,1,12,15,5,,0122,M
user-00768,User 00768,Company 174,Office 074,Group 066,FALSE,"["""", """", """", """", """", """", """"]",,No,22,6,16,2,0,3,22,1,,0174,B
user-00769,User 00769,Company 017,Office 006,Group 015,FALSE,"["""", """", """", """", """", """", """"]",,No,47,32,15,2,0,5,16,1,,0017,A
user-00770,User 00770,Company 020,Office 014,Group 039,FALSE,"["""", ""3"", ""3"", ""3"", ""3"", ""3"", """"]",3,No,49,17,32,2,0,8,32,3,,0020,A
user-00771,User 00771,Company 030,Office 010,Group 023,FALSE,"["""", """", """", """", """", """", """"]",,No,47,21,26,2,0,4,21,3,,0030,A
user-00772,User 00772,Company 147,Office 024,Group 044,FALSE,"["""", """", """", """", """", """", """"]",,No,51,48,3,0,0,2,17,2,,0147,A
user-00773,User 00773,Company 054,Office 073,Group 047,FALSE,"["""", """", """", """", """", """", """"]",,No,51,39,12,6,0,15,12,1,,0054,P
user-00774,User 00774,Company 147,Office 092,Group 070,FALSE,"["""", """", """", """", """", """", """"]",,No,0,0,0,0,0,7,11,0,,0147,Z
user-00775,User 00775,Company 017,Office 052,Group 052,FALSE,"["""", """", """", """", """", """", """"]",,No,18,13,5,5,0,4,23,2,,0017,C
user-00776,User 00776,Company 160,Office 106,Group 062,FALSE,"["""", """", """", """", """", """", """"]",,No,44,22,22,4,2,0,18,5,,0160,A
user-00777,User 00777,Company 155,Office 052,Group 062,FALSE,"["""", """", """", """", """", """", """"]",,No,4,3,1,2,1,5,0,1,,0155,Z
user-00778,User 00778,Company 084,Office 085,Group 056,FALSE,"["""", ""6"", ""6"", ""6"", ""6"", ""6"", """"]",6,No,37,24,13,5,0,0,27,1,,0084,B
user-00779,User 00779,Company 157,Office 065,Group 019,FALSE,"["""", """", """", """", """", """", """"]",,No,2,2,0,1,0,10,9,1,,0157,Z
user-00780,User 00780,Company 025,Office 031,Group 037,FALSE,"["""", """", """", """", """", """", """"]",,No,1,0,1,0,0,10,5,0,,0025,Z
user-00781,User 00781,Company 035,Office 110,Group 015,TRUE,"["""", """", """", """", """", """", """"]",,No,52,30,22,0,0,0,30,3,,0035,A
user-00782,User 00782,Company 084,Office 004,Group 052,FALSE,"["""", """", """", """", """", """", """"]",,No,39,29,10,4,0,14,24,4,,0084,B
user-00783,User 00783,Company 096,Office 014,Group 088,FALSE,"["""", ""5"", ""5"", ""5"", ""5"", ""5"", """"]",5,No,3,3,0,1,0,0,11,0,,0096,Z
user-00784,User 00784,Company 123,Office 023,Group 028,FALSE,"["""", """", """", """", """", """", """"]",,No,33,3,30,2,0,8,27,5,,0123,A
user-00785,User 00785,Company 131,Office 050,Group 090,FALSE,"["""", ""1"", ""1"", ""1"", ""1"", ""1"", """"]",1,No,60,26,34,4,0,0,32,5,,0131,A
user-00786,User 00786,Company 105,Office 115,Group 084,FALSE,"["""", ""1"", ""1"", ""1"", ""1"", ""1"", """"]",1,No,48,28,20,2,0,2,14,0,,0105,A
user-00787,User 00787,Company 051,Office 027,Group 052,FALSE,"["""", """", """", """", """", """", """"]",,No,46,11,35,4,0,8,21,2,,0051,A
user-00788,User 00788,Company 166,Office 010,Group 059,FALSE,"["""", """", """", """", """", """", """"]",,No,10,9,1,2,0,12,23,1,,0166,C
user-00789,User 00789,Company 036,Office 117,Group 084,FALSE,"["""", """", """", """", """", """", """"]",,No,49,32,17,4,0,8,18,2,,0036,A
user-00790,User 00790,Company 157,Office 055,Group 050,TRUE,"["""", """", """", """", """", """", """"]",,No,51,37,14,4,0,0,21,6,,0157,A
user-00791,User 00791,Company 023,Office 071,Group 080,FALSE,"["""", """", """", """", """", """", """"]",,No,40,40,0,4,0,20,17,2,,0023,B
user-00792,User 00792,Company 017,Office 010,Group 061,TRUE,"["""", """", """", """", """", """", """"]",,No,38,16,22,5,0,10,12,7,,0017,B
user-00793,User 00793,Company 079,Office 084,Group 035,FALSE,"["""", ""5"", ""5"", ""5"", ""5"", ""5"", """"]",5,No,61,51,10,4,0,1,25,4,,0079,A
user-00794,User 00794,Company 018,Office 098,Group 051,FALSE,"["""", """", """", """", """", """", """"]",,No,45,7,38,2,0,3,24,1,,0018,A
user-00795,User 00795,Company 060,Office 106,Group 075,FALSE,"["""", """", """", """", """", """", """"]",,No,46,7,39,7,0,0,19,7,,0060,A
user-00796,User 00796,Company 167,Office 102,Group 089,FALSE,"["""", """", """", """", """", """", """"]",,No,10,9,1,1,0,10,14,1,,0167,C
user-00797,User 00797,Company 089,Office 085,Group 055,FALSE,"["""", """", """", """", """", """", """"]",,No,53,53,0,3,0,15,15,3,,0089,A
user-00798,User 00798,Company 066,Office 084,Group 065,FALSE,"["""", """", """", """", """", """", """"]",,No,3,1,2,0,0,0,2,0,,0066,Z
user-00799,User 00799,Company 076,Office 086,Group 023,FALSE,"["""", """", """", """", """", """", """"]",,No,6,6,0,3,0,0,8,4,,0076,Z
user-00800,User 00800,Company 131,Office 007,Group 075,FALSE,"["""", ""3"", ""3"", ""3"", ""3"", ""3"", """"]",3,No,3,1,2,0,0,2,9,0,,0131,Z
user-00801,User 00801,Company 009,Office 077,Group 062,FALSE,"["""", """", """", """", """", """", """"]",,No,30,24,6,5,0,14,20,2,,0009,B
user-00802,User 00802,Company 149,Office 033,Group 047,FALSE,"["""", """", """", """", """", """", """"]",,No,45,40,5,1,0,3,24,3,,0149,A
user-00803,User 00803,Company 043,Office 083,Group 057,FALSE,"["""", ""1"", ""1"", ""1"", ""1"", ""1"", """"]",1,No,45,44,1,1,0,9,17,1,,0043,A
user-00804,User 00804,Company 066,Office 027,Group 031,FALSE,"["""", ""1"", ""1"", ""1"", ""1"", ""1"", """"]",1,No,18,14,4,0,0,10,20,0,,0066,C
user-00805,User 00805,Company 088,Office 010,Group 090,FALSE,"["""", """", """", """", """", """", """"]",,No,4,3,1,1,0,3,2,0,,0088,Z
user-00806,User 00806,Company 094,Office 117,Group 014,FALSE,"["""", """", """", """", """", """", """"]",,No,52,41,11,3,0,6,26,5,,0094,A
user-00807,User 00807,Company 042,Office 087,Group 087,TRUE,"["""", """", """", """", """", """", """"]",,No,2,1,1,0,0,0,5,2,,0042,Z
user-00808,User 00808,Company 088,Office 060,Group 030,FALSE,"["""", """", """", """", """", """", """"]",,No,19,12,7,0,0,8,20,1,,0088,C
user-00809,User 00809,Company 179,Office 059,Group 058,FALSE,"["""", ""2"", ""2"", ""2"", ""2"", ""2"", """"]",2,No,28,8,20,2,0,5,11,3,,0179,B
user-00810,User 00810,Company 131,Office 022,Group 016,FALSE,"["""", """", """", """", """", """", """"]",,No,58,43,15,4,0,7,28,3,,0131,A
user-00811,User 00811,Company 072,Office 079,Group 044,FALSE,"["""", """", """", """", """", """", """"]",,No,5,5,0,0,0,4,3,0,,0072,Z
user-00812,User 00812,Company 046,Office 042,Group 001,FALSE,"["""", """", """", """", """", """", """"]",,No,15,1,14,1,0,0,34,0,,0046,C
user-00813,User 00813,Company 179,Office 057,Group 083,FALSE,"["""", """", """", """", """", """", """"]",,No,51,24,27,2,0,5,18,0,,0179,A
user-00814,User 00814,Company 081,Office 030,Group 071,FALSE,"["""", """", """", """", """", """", """"]",,No,51,12,39,3,0,4,24,2,,0081,A
user-00815,User 00815,Company 037,Office 088,Group 072,FALSE,"["""", """", """", """", """", """", """"]",,No,41,17,24,4,0,3,12,6,,0037,B
user-00816,User 00816,Company 154,Office 053,Group 042,FALSE,"["""", """", """", """", """", """", """"]",,No,39,32,7,2,0,5,17,0,,0154,A
user-00817,User 00817,Company 146,Office 017,Group 089,TRUE,"["""", """", """", """", """", """", """"]",,No,46,25,21,4,0,11,16,2,,0146,P
user-00818,User 00818,Company 157,Office 091,Group 051,FALSE,"["""", """", """", """", """", """", """"]",,No,54,7,47,2,0,1,21,1,,0157,A
user-00819,User 00819,Company 051,Office 002,Group 023,FALSE,"["""", """", """", """", """", """", """"]",,No,46,35,11,5,0,6,15,2,,0051,X
user-00820,User 00820,Company 059,Office 108,Group 017,FALSE,"["""", ""5"", ""5"", ""5"", ""5"", ""5"", """"]",5,No,63,30,33,3,0,3,18,2,,0059,A
user-00821,User 00821,Company 009,Office 039,Group 056,FALSE,"["""", """", """", """", """", """", """"]",,No,24,21,3,4,0,1,15,3,,0009,C
user-00822,User 00822,Company 047,Office 013,Group 080,FALSE,"["""", """", """", """", """", """", """"]",,No,42,34,8,2,2,0,16,0,,0047,A
user-00823,User 00823,Company 137,Office 110,Group 030,FALSE,"["""", """", """", """", """", """", """"]",,No,41,35,6,3,0,13,20,5,,0137,B
user-00824,User 00824,Company 035,Office 076,Group 017,FALSE,"["""", """", """", """", """", """", """"]",,No,1,0,1,0,0,5,7,0,,0035,Z
user-00825,User 00825,Company 054,Office 111,Group 071,FALSE,"["""", """", """", """", """", """", """"]",,No,39,20,19,5,0,11,19,0,,0054,B
user-00826,User 00826,Company 021,Office 070,Group 027,FALSE,"["""", """", """", """", """", """", """"]",,No,16,2,14,1,0,6,25,0,,0021,C
user-00827,User 00827,Company 115,Office 084,Group 069,FALSE,"["""", """", """", """", """", """", """"]",,No,2,0,2,0,0,0,0,0,,0115,Z
user-00828,User 00828,Company 140,Office 048,Group 013,FALSE,"["""", """", """", """", """", """", """"]",,No,48,20,28,1,0,0,22,2,,0140,A
user-00829,User 00829,Company 161,Office 095,Group 018,FALSE,"["""", """", """", """", """", """", """"]",,No,43,12,31,0,0,10,25,6,,0161,A
user-00830,User 00830,Company 007,Office 020,Group 008,FALSE,"["""", """", """", """", """", """", """"]",,No,49,21,28,0,0,14,20,0,,0007,A
user-00831,User 00831,Company 127,Office 119,Group 059,FALSE,"["""", """", """", """", """", """", """"]",,No,36,10,26,0,1,11,8,2,,0127,X
user-00832,User 00832,Company 082,Office 003,Group 083,FALSE,"["""", """", """", """", """", """", """"]",,No,51,48,3,3,0,11,23,2,,0082,A
user-00833,User 00833,Company 133,Office 098,Group 020,FALSE,"["""", """", """", """", """", """", """"]",,No,34,12,22,3,0,2,20,1,,0133,B
user-00834,User 00834,Company 134,Office 047,Group 078,FALSE,"["""", """", """", """", """", """", """"]",,No,39,16,23,7,0,0,20,4,,0134,B
user-00835,User 00835,Company 152,Office 007,Group 022,FALSE,"["""", """", """", """", """", """", """"]",,No,22,21,1,2,0,11,22,0,,0152,C
user-00836,User 00836,Company 152,Office 010,Group 017,FALSE,"["""", """", """", """", """", """", """"]",,No,35,15,20,2,0,6,16,1,,0152,A
user-00837,User 00837,Company 007,Office 071,Group 057,TRUE,"["""", """", """", """", """", """", """"]",,No,4,4,0,1,0,5,16,0,,0007,Z
user-00838,User 00838,Company 125,Office 007,Group 017,TRUE,"["""", """", """", """", """", """", """"]",,No,49,15,34,10,1,10,16,0,,0125,M
user-00839,User 00839,Company 147,Office 085,Group 002,FALSE,"["""", ""5"", ""5"", ""5"", ""5"", ""5"", """"]",5,No,36,26,10,14,0,19,19,0,,0147,M
user-00840,User 00840,Company 037,Office 091,Group 015,FALSE,"["""", """", """", """", """", """", """"]",,No,17,16,1,2,0,15,27,1,,0037,C
user-00841,User 00841,Company 165,Office 065,Group 005,FALSE,"["""", """", """", """", """", """", """"]",,No,41,41,0,2,0,16,9,6,,0165,P
user-00842,User 00842,Company 075,Office 063,Group 057,FALSE,"["""", ""6"", ""6"", ""6"", ""6"", ""6"", """"]",6,No,34,10,24,8,2,26,15,0,,0075,M
user-00843,User 00843,Company 173,Office 095,Group 084,FALSE,"["""", """", """", """", """", """", """"]",,No,58,4,54,1,0,17,18,1,,0173,A
user-00844,User 00844,Company 165,Office 120,Group 024,FALSE,"["""", """", """", """", """", """", """"]",,No,44,32,12,7,3,6,10,0,,0165,X
user-00845,User 00845,Company 115,Office 040,Group 062,FALSE,"["""", """", """", """", """", """", """"]",,No,19,15,4,2,0,4,21,0,,0115,C
user-00846,User 00846,Company 005,Office 102,Group 069,FALSE,"["""", """", """", """", """", """", """"]",,No,38,12,26,1,0,8,21,0,,0005,B
user-00847,User 00847,Company 109,Office 001,Group 023,FALSE,"["""", """", """", """", """", """", """"]",,No,6,4,2,3,0,5,5,3,,0109,Z
user-00848,User 00848,Company 122,Office 050,Group 018,FALSE,"["""", """", """", """", """", """", """"]",,No,2,0,2,0,0,3,0,4,,0122,Z
user-00849,User 00849,Company 146,Office 062,Group 061,FALSE,"["""", """", """", """", """", """", """"]",,No,45,22,23,6,0,9,12,1,,0146,B
user-00850,User 00850,Company 063,Office 051,Group 067,FALSE,"["""", ""4"", ""4"", ""4"", ""4"", ""4"", """"]",4,No,36,3,33,2,0,2,11,2,,0063,B
user-00851,User 00851,Company 099,Office 019,Group 001,FALSE,"["""", """", """", """", """", """", """"]",,No,51,39,12,0,0,3,21,5,,0099,A
user-00852,User 00852,Company 023,Office 031,Group 052,FALSE,"["""", """", """", """", """", """", """"]",,No,20,18,2,0,0,3,16,2,,0023,C
user-00853,User 00853,Company 033,Office 052,Group 029,FALSE,"["""", """", """", """", """", """", """"]",,No,5,2,3,1,0,11,1,0,,0033,Z
user-00854,User 00854,Company 126,Office 029,Group 007,FALSE,"["""", """", """", """", """", """", """"]",,No,51,10,41,2,0,13,12,3,,0126,P
user-00855,User 00855,Company 048,Office 099,Group 089,FALSE,"["""", """", """", """", """", """", """"]",,No,3,0,3,0,0,14,19,1,,0048,Z
user-00856,User 00856,Company 145,Office 036,Group 057,TRUE,"["""", """", """", """", """", """", """"]",,No,56,44,12,0,0,6,18,4,,0145,A
user-00857,User 00857,Company 013,Office 086,Group 033,FALSE,"["""", """", """", """", """", """", """"]",,No,50,24,26,1,1,15,15,7,,0013,A
user-00858,User 00858,Company 118,Office 018,Group 060,FALSE,"["""", """", """", """", """", """", """"]",,Yes,48,3,45,2,0,7,26,4,,0118,A
user-00859,User 00859,Company 144,Office 053,Group 075,FALSE,"["""", """", """", """", """", """", """"]",,No,38,28,10,4,0,16,13,0,,0144,M
user-00860,User 00860,Company 014,Office 085,Group 085,FALSE,"["""", """", """", """", """", """", """"]",,No,1,1,0,0,0,16,12,1,,0014,Z
user-00861,User 00861,Company 180,Office 105,Group 058,FALSE,"["""", """", """", """", """", """", """"]",,No,45,4,41,2,0,0,24,2,,0180,A
user-00862,User 00862,Company 067,Office 025,Group 043,FALSE,"["""", """", """", """", """", """", """"]",,No,41,21,20,0,0,0,20,2,,0067,A
user-00863,User 00863,Company 130,Office 113,Group 033,FALSE,"["""", """", """", """", """", """", """"]",,No,48,16,32,3,0,0,17,0,,0130,A
user-00864,User 00864,Company 042,Office 117,Group 083,FALSE,"["""", ""5"", ""5"", ""5"", ""5"", ""5"", """"]",5,No,38,11,27,8,0,8,15,1,,0042,B
user-00865,User 00865,Company 132,Office 105,Group 072,FALSE,"["""", """", """", """", """", """", """"]",,No,42,6,36,1,0,3,27,3,,0132,A
user-00866,User 00866,Company 093,Office 092,Group 027,FALSE,"["""", """", """", """", """", """", """"]",,No,1,0,1,0,0,4,3,2,,0093,Z
user-00867,User 00867,Company 070,Office 048,Group 017,TRUE,"["""", """", """", """", """", """", """"]",,No,42,40,2,3,0,22,9,0,,0070,M
user-00868,User 00868,Company 092,Office 100,Group 062,FALSE,"["""", """", """", """", """", """", """"]",,No,32,20,12,4,0,8,15,2,,0092,B
user-00869,User 00869,Company 064,Office 054,Group 008,TRUE,"["""", """", """", """", """", """", """"]",,No,38,15,23,10,0,21,14,4,,0064,M
user-00870,User 00870,Company 020,Office 088,Group 086,FALSE,"["""", """", """", """", """", """", """"]",,No,12,6,6,0,0,0,21,1,,0020,C
user-00871,User 00871,Company 164,Office 043,Group 061,FALSE,"["""", """", """", """", """", """", """"]",,No,43,21,22,5,3,12,16,1,,0164,X
user-00872,User 00872,Company 041,Office 107,Group 006,FALSE,"["""", """", """", """", """", """", """"]",,No,69,55,14,2,0,5,17,0,,0041,A
user-00873,User 00873,Company 178,Office 034,Group 078,TRUE,"["""", ""4"", ""4"", ""4"", ""4"", ""4"", """"]",4,No,55,38,17,2,0,5,27,1,,0178,A
user-00874,User 00874,Company 002,Office 046,Group 038,FALSE,"["""", """", """", """", """", """", """"]",,No,44,19,25,2,0,10,28,4,,0002,A
user-00875,User 00875,Company 017,Office 109,Group 007,FALSE,"["""", """", """", """", """", """", """"]",,No,53,39,14,5,0,12,17,0,,0017,A
user-00876,User 00876,Company 007,Office 044,Group 069,FALSE,"["""", """", """", """", """", """", """"]",,No,3,3,0,2,0,7,2,4,,0007,Z
user-00877,User 00877,Company 039,Office 051,Group 060,FALSE,"["""", ""2"", ""2"", ""2"", ""2"", ""2"", """"]",2,No,44,13,31,3,0,11,20,5,,0039,B
user-00878,User 00878,Company 109,Office 034,Group 035,FALSE,"["""", ""4"", ""4"", ""4"", ""4"", ""4"", """"]",4,No,52,31,21,3,1,9,25,2,,0109,A
user-00879,User 00879,Company 161,Office 008,Group 027,FALSE,"["""", """", """", """", """", """", """"]",,No,48,38,10,3,0,25,10,1,,0161,P
user-00880,User 00880,Company 054,Office 115,Group 033,FALSE,"["""", """", """", """", """", """", """"]",,No,58,56,2,5,0,1,13,3,,0054,A
user-00881,User 00881,Company 079,Office 005,Group 089,FALSE,"["""", """", """", """", """", """", """"]",,No,48,7,41,0,0,4,20,3,,0079,A
user-00882,User 00882,Company 018,Office 077,Group 010,FALSE,"["""", ""6"", ""6"", ""6"", ""6"", ""6"", """"]",6,No,47,8,39,2,0,0,20,1,,0018,A
user-00883,User 00883,Company 056,Office 038,Group 039,FALSE,"["""", """", """", """", """", """", """"]",,No,40,19,21,1,0,0,22,1,,0056,A
user-00884,User 00884,Company 037,Office 057,Group 045,FALSE,"["""", ""5"", ""5"", ""5"", ""5"", ""5"", """"]",5,No,3,2,1,0,0,6,9,2,,0037,Z
user-00885,User 00885,Company 164,Office 080,Group 088,FALSE,"["""", """", """", """", """", """", """"]",,No,65,52,13,5,1,2,21,0,,0164,A
user-00886,User 00886,Company 179,Office 110,Group 060,FALSE,"["""", """", """", """", """", """", """"]",,No,2,0,2,0,0,3,13,1,,0179,Z
user-00887,User 00887,Company 081,Office 001,Group 056,FALSE,"["""", """", """", """", """", """", """"]",,No,19,3,16,2,0,1,12,0,,0081,C
user-00888,User 00888,Company 034,Office 119,Group 012,FALSE,"["""", """", """", """", """", """", """"]",,No,9,4,5,0,0,0,0,0,,0034,Z
user-00889,User 00889,Company 150,Office 043,Group 087,FALSE,"["""", """", """", """", """", """", """"]",,No,62,34,28,3,0,12,19,3,,0150,A
user-00890,User 00890,Company 108,Office 062,Group 079,FALSE,"["""", """", """", """", """", """", """"]",,No,44,39,5,1,0,14,24,2,,0108,A
user-00891,User 00891,Company 070,Office 028,Group 027,FALSE,"["""", """", """", """", """", """", """"]",,No,2,0,2,0,0,5,8,0,,0070,Z
user-00892,User 00892,Company 139,Office 066,Group 021,FALSE,"["""", """", """", """", """", """", """"]",,No,45,18,27,1,0,0,20,2,,0139,A
user-00893,User 00893,Company 134,Office 096,Group 065,FALSE,"["""", ""5"", ""5"", ""5"", ""5"", ""5"", """"]",5,No,4,1,3,1,0,10,3,1,,0134,Z
user-00894,User 00894,Company 016,Office 014,Group 035,FALSE,"["""", """", """", """", """", """", """"]",,No,61,12,49,5,0,1,25,4,,0016,A
user-00895,User 00895,Company 098,Office 018,Group 039,FALSE,"["""", """", """", """", """", """", """"]",,No,31,27,4,4,1,16,19,2,,0098,B
user-00896,User 00896,Company 048,Office 079,Group 041,FALSE,"["""", """", """", """", """", """", """"]",,No,29,7,22,5,0,15,26,1,,0048,B
user-00897,User 00897,Company 057,Office 112,Group 025,FALSE,"["""", """", """", """", """", """", """"]",,No,15,6,9,0,0,0,13,1,,0057,C
user-00898,User 00898,Company 156,Office 085,Group 027,FALSE,"["""", ""2"", ""2"", ""2"", ""2"", ""2"", """"]",2,No,34,8,26,5,0,16,17,1,,0156,B
user-00899,User 00899,Company 172,Office 109,Group 006,FALSE,"["""", ""6"", ""6"", ""6"", ""6"", ""6"", """"]",6,No,31,18,13,3,1,6,22,2,,0172,B
user-00900,User 00900,Company 101,Office 053,Group 015,FALSE,"["""", """", """", """", """", """", """"]",,No,40,9,31,2,0,10,15,2,,0101,M
user-00901,User 00901,Company 090,Office 001,Group 047,FALSE,"["""", """", """", """", """", """", """"]",,No,44,31,13,9,0,6,23,1,,0090,B
user-00902,User 00902,Company 145,Office 020,Group 060,FALSE,"["""", """", """", """", """", """", """"]",,No,29,14,15,7,0,12,21,3,,0145,B
user-00903,User 00903,Company 101,Office 058,Group 078,FALSE,"["""", """", """", """", """", """", """"]",,No,39,19,20,0,0,10,26,0,,0101,A
user-00904,User 00904,Company 058,Office 054,Group 033,FALSE,"["""", """", """", """", """", """", """"]",,No,2,2,0,2,0,6,7,0,,0058,Z
user-00905,User 00905,Company 050,Office 114,Group 010,FALSE,"["""", """", """", """", """", """", """"]",,No,43,25,18,0,0,9,14,2,,0050,A
user-00906,User 00906,Company 043,Office 056,Group 019,FALSE,"["""", """", """", """", """", """", """"]",,No,37,4,33,2,0,15,16,0,,0043,B
user-00907,User 00907,Company 097,Office 011,Group 077,FALSE,"["""", """", """", """", """", """", """"]",,No,4,4,0,0,0,7,7,0,,0097,Z
user-00908,User 00908,Company 155,Office 092,Group 068,FALSE,"["""", """", """", """", """", """", """"]",,No,25,19,6,1,0,6,7,0,,0155,B
user-00909,User 00909,Company 134,Office 067,Group 040,FALSE,"["""", """", """", """", """", """", """"]",,No,49,49,0,9,0,14,13,1,,0134,M
user-00910,User 00910,Company 141,Office 003,Group 063,FALSE,"["""", """", """", """", """", """", """"]",,No,39,15,24,8,1,11,15,4,,0141,B
user-00911,User 00911,Company 132,Office 077,Group 029,FALSE,"["""", """", """", """", """", """", """"]",,No,43,32,11,10,0,20,12,1,,0132,M
user-00912,User 00912,Company 076,Office 078,Group 090,FALSE,"["""", ""6"", ""6"", ""6"", ""6"", ""6"", """"]",6,No,41,24,17,2,0,14,22,4,,0076,A
user-00913,User 00913,Company 150,Office 044,Group 063,FALSE,"["""", """", """", """", """", """", """"]",,No,7,6,1,0,0,11,1,0,,0150,Z
user-00914,User 00914,Company 062,Office 108,Group 042,FALSE,"["""", """", """", """", """", """", """"]",,No,38,27,11,1,0,0,14,2,,0062,A
user-00915,User 00915,Company 071,Office 011,Group 081,FALSE,"["""", """", """", """", """", """", """"]",,No,2,1,1,1,0,8,9,0,,0071,Z
user-00916,User 00916,Company 040,Office 100,Group 047,FALSE,"["""", """", """", """", """", """", """"]",,No,30,27,3,3,0,10,16,0,,0040,B
user-00917,User 00917,Company 144,Office 049,Group 023,FALSE,"["""", """", """", """", """", """", """"]",,No,2,0,2,0,0,4,0,0,,0144,Z
user-00918,User 00918,Company 112,Office 108,Group 079,FALSE,"["""", """", """", """", """", """", """"]",,No,6,5,1,2,0,12,0,0,,0112,Z
user-00919,User 00919,Company 056,Office 051,Group 040,FALSE,"["""", ""6"", ""6"", ""6"", ""6"", ""6"", """"]",6,No,2,1,1,0,0,5,7,2,,0056,Z
user-00920,User 00920,Company 052,Office 055,Group 069,FALSE,"["""", ""3"", ""3"", ""3"", ""3"", ""3"", """"]",3,No,44,23,21,10,0,24,14,3,,0052,M
user-00921,User 00921,Company 028,Office 011,Group 011,FALSE,"["""", ""6"", ""6"", ""6"", ""6"", ""6"", """"]",6,No,50,50,0,2,0,7,20,2,,0028,A
user-00922,User 00922,Company 161,Office 076,Group 077,FALSE,"["""", """", """", """", """", """", """"]",,No,50,16,34,2,0,20,17,3,,0161,B
user-00923,User 00923,Company 015,Office 110,Group 030,FALSE,"["""", ""5"", ""5"", ""5"", ""5"", ""5"", """"]",5,No,2,2,0,1,0,12,1,2,,0015,Z
user-00924,User 00924,Company 043,Office 047,Group 048,FALSE,"["""", """", """", """", """", """", """"]",,No,52,8,44,2,0,4,23,5,,0043,A
user-00925,User 00925,Company 068,Office 099,Group 080,FALSE,"["""", """", """", """", """", """", """"]",,No,20,20,0,2,0,4,20,0,,0068,C
user-00926,User 00926,Company 054,Office 044,Group 017,FALSE,"["""", """", """", """", """", """", """"]",,No,4,2,2,2,0,0,0,1,,0054,Z
user-00927,User 00927,Company 018,Office 113,Group 003,FALSE,"["""", """", """", """", """", """", """"]",,No,50,49,1,2,0,8,18,4,,0018,A
user-00928,User 00928,Company 064,Office 071,Group 052,TRUE,"["""", """", """", """", """", """", """"]",,No,55,42,13,3,0,9,6,2,,0064,P
user-00929,User 00929,Company 051,Office 118,Group 027,FALSE,"["""", """", """", """", """", """", """"]",,No,14,11,3,0,0,3,22,2,,0051,C
user-00930,User 00930,Company 111,Office 024,Group 008,FALSE,"["""", """", """", """", """", """", """"]",,No,52,47,5,5,0,21,19,2,,0111,M
user-00931,User 00931,Company 151,Office 034,Group 062,FALSE,"["""", ""4"", ""4"", ""4"", ""4"", ""4"", """"]",4,No,45,21,24,2,0,6,24,4,,0151,A
user-00932,User 00932,Company 177,Office 036,Group 019,FALSE,"["""", ""2"", ""2"", ""2"", ""2"", ""2"", """"]",2,No,55,21,34,1,0,9,23,0,,0177,A
user-00933,User 00933,Company 086,Office 011,Group 078,TRUE,"["""", """", """", """", """", """", """"]",,Yes,24,9,15,4,0,8,17,5,,0086,B
user-00934,User 00934,Company 081,Office 035,Group 082,FALSE,"["""", """", """", """", """", """", """"]",,No,49,7,42,0,0,2,21,3,,0081,A
user-00935,User 00935,Company 135,Office 040,Group 040,FALSE,"["""", ""5"", ""5"", ""5"", ""5"", ""5"", """"]",5,No,52,39,13,5,0,3,8,1,,0135,P
user-00936,User 00936,Company 028,Office 064,Group 031,FALSE,"["""", """", """", """", """", """", """"]",,No,4,4,0,2,0,9,3,2,,0028,Z
user-00937,User 00937,Company 148,Office 012,Group 086,FALSE,"["""", """", """", """", """", """", """"]",,No,3,3,0,3,0,6,12,2,,0148,Z
user-00938,User 00938,Company 159,Office 049,Group 004,FALSE,"["""", """", """", """", """", """", """"]",,No,35,12,23,2,0,19,13,1,,0159,M
user-00939,User 00939,Company 061,Office 088,Group 020,FALSE,"["""", ""5"", ""5"", ""5"", ""5"", ""5"", """"]",5,No,59,6,53,4,0,8,14,2,,0061,A
user-00940,User 00940,Company 102,Office 094,Group 016,FALSE,"["""", """", """", """", """", """", """"]",,No,37,24,13,7,0,0,3,3,,0102,X
user-00941,User 00941,Company 067,Office 105,Group 044,FALSE,"["""", ""4"", ""4"", ""4"", ""4"", ""4"", """"]",4,No,2,2,0,0,0,1,8,2,,0067,Z
user-00942,User 00942,Company 102,Office 117,Group 056,FALSE,"["""", """", """", """", """", """", """"]",,No,43,36,7,8,0,7,21,5,,0102,A
user-00943,User 00943,Company 176,Office 004,Group 048,FALSE,"["""", """", """", """", """", """", """"]",,No,20,16,4,1,0,6,11,1,,0176,C
user-00944,User 00944,Company 091,Office 045,Group 009,FALSE,"["""", ""1"", ""1"", ""1"", ""1"", ""1"", """"]",1,No,41,6,35,6,0,24,24,3,,0091,M
user-00945,User 00945,Company 130,Office 043,Group 011,FALSE,"["""", """", """", """", """", """", """"]",,No,36,7,29,6,0,24,18,1,,0130,M
user-00946,User 00946,Company 129,Office 089,Group 043,FALSE,"["""", ""6"", ""6"", ""6"", ""6"", ""6"", """"]",6,No,13,1,12,1,0,0,24,2,,0129,C
user-00947,User 00947,Company 017,Office 045,Group 034,FALSE,"["""", """", """", """", """", """", """"]",,No,45,18,27,1,0,8,19,4,,0017,A
user-00948,User 00948,Company 042,Office 079,Group 006,FALSE,"["""", """", """", """", """", """", """"]",,No,48,4,44,0,0,5,23,3,,0042,A
user-00949,User 00949,Company 051,Office 089,Group 038,FALSE,"["""", """", """", """", """", """", """"]",,No,8,2,6,1,1,4,15,0,,0051,Z
user-00950,User 00950,Company 080,Office 029,Group 037,FALSE,"["""", """", """", """", """", """", """"]",,No,36,20,16,1,0,0,26,0,,0080,A
user-00951,User 00951,Company 173,Office 049,Group 063,FALSE,"["""", """", """", """", """", """", """"]",,No,42,34,8,2,1,10,11,4,,0173,X
user-00952,User 00952,Company 049,Office 037,Group 057,FALSE,"["""", """", """", """", """", """", """"]",,No,46,39,7,4,1,5,23,5,,0049,A
user-00953,User 00953,Company 027,Office 093,Group 012,FALSE,"["""", """", """", """", """", """", """"]",,No,52,42,10,4,0,5,35,3,,0027,A
user-00954,User 00954,Company 050,Office 070,Group 073,FALSE,"["""", """", """", """", """", """", """"]",,No,42,28,14,1,0,8,21,1,,0050,A
user-00955,User 00955,Company 063,Office 026,Group 083,FALSE,"["""", """", """", """", """", """", """"]",,No,35,13,22,5,0,1,24,5,,0063,B
user-00956,User 00956,Company 057,Office 017,Group 083,FALSE,"["""", """", """", """", """", """", """"]",,No,52,26,26,5,0,2,16,1,,0057,A
user-00957,User 00957,Company 077,Office 083,Group 053,FALSE,"["""", ""4"", ""4"", ""4"", ""4"", ""4"", """"]",4,No,3,3,0,1,0,2,11,1,,0077,Z
user-00958,User 00958,Company 165,Office 098,Group 075,FALSE,"["""", """", """", """", """", """", """"]",,No,41,25,16,10,2,21,24,3,,0165,M
user-00959,User 00959,Company 020,Office 089,Group 009,TRUE,"["""", """", """", """", """", """", """"]",,No,2,2,0,0,0,0,1,2,,0020,Z
user-00960,User 00960,Company 044,Office 098,Group 059,TRUE,"["""", """", """", """", """", """", """"]",,No,39,26,13,1,0,2,19,6,,0044,A
user-00961,User 00961,Company 133,Office 060,Group 005,FALSE,"["""", """", """", """", """", """", """"]",,No,45,28,17,2,1,7,15,1,,0133,B
user-00962,User 00962,Company 043,Office 094,Group 038,FALSE,"["""", """", """", """", """", """", """"]",,No,3,3,0,0,0,0,5,1,,0043,Z
user-00963,User 00963,Company 013,Office 063,Group 060,TRUE,"["""", """", """", """", """", """", """"]",,No,6,2,4,2,0,12,1,1,,0013,Z
user-00964,User 00964,Company 072,Office 039,Group 047,FALSE,"["""", """", """", """", """", """", """"]",,No,43,32,11,5,0,18,11,0,,0072,M
user-00965,User 00965,Company 144,Office 118,Group 031,FALSE,"["""", """", """", """", """", """", """"]",,No,51,29,22,10,0,26,6,2,,0144,M
user-00966,User 00966,Company 163,Office 040,Group 008,FALSE,"["""", """", """", """", """", """", """"]",,No,40,13,27,6,0,16,17,2,,0163,P
user-00967,User 00967,Company 137,Office 032,Group 083,TRUE,"["""", """", """", """", """", """", """"]",,No,47,26,21,2,0,7,7,1,,0137,A
user-00968,User 00968,Company 121,Office 012,Group 027,FALSE,"["""", """", """", """", """", """", """"]",,No,52,49,3,1,0,0,20,4,,0121,A
user-00969,User 00969,Company 156,Office 083,Group 060,FALSE,"["""", """", """", """", """", """", """"]",,No,29,26,3,5,0,10,15,0,,0156,B
user-00970,User 00970,Company 014,Office 086,Group 049,FALSE,"["""", ""5"", ""5"", ""5"", ""5"", ""5"", """"]",5,No,4,3,1,0,0,0,6,1,,0014,Z
user-00971,User 00971,Company 012,Office 021,Group 023,FALSE,"["""", """", """", """", """", """", """"]",,No,48,23,25,2,0,12,17,4,,0012,A
user-00972,User 00972,Company 004,Office 080,Group 073,FALSE,"["""", """", """", """", """", """", """"]",,No,37,3,34,0,0,2,15,0,,0004,A
user-00973,User 00973,Company 012,Office 111,Group 006,FALSE,"["""", """", """", """", """", """", """"]",,No,36,13,23,8,1,5,18,2,,0012,B
user-00974,User 00974,Company 066,Office 048,Group 007,FALSE,"["""", """", """", """", """", """", """"]",,No,41,14,27,1,0,2,12,3,,0066,A
user-00975,User 00975,Company 021,Office 044,Group 068,TRUE,"["""", """", """", """", """", """", """"]",,No,4,1,3,1,0,9,7,0,,0021,Z
user-00976,User 00976,Company 009,Office 075,Group 055,FALSE,"["""", """", """", """", """", """", """"]",,No,25,16,9,2,0,11,19,1,,0009,B
user-00977,User 00977,Company 179,Office 084,Group 045,FALSE,"["""", ""1"", ""1"", ""1"", ""1"", ""1"", """"]",1,No,3,3,0,1,0,10,3,0,,0179,Z
user-00978,User 00978,Company 127,Office 064,Group 084,FALSE,"["""", """", """", """", """", """", """"]",,No,28,13,15,3,0,4,18,0,,0127,C
user-00979,User 00979,Company 141,Office 106,Group 050,FALSE,"["""", """", """", """", """", """", """"]",,No,49,20,29,4,0,2,20,4,,0141,A
user-00980,User 00980,Company 033,Office 101,Group 077,FALSE,"["""", """", """", """", """", """", """"]",,No,10,4,6,2,0,0,26,0,,0033,C
user-00981,User 00981,Company 002,Office 007,Group 033,FALSE,"["""", """", """", """", """", """", """"]",,No,55,42,13,5,0,10,8,3,,0002,P
user-00982,User 00982,Company 022,Office 058,Group 075,FALSE,"["""", """", """", """", """", """", """"]",,No,4,3,1,0,0,1,3,5,,0022,Z
user-00983,User 00983,Company 003,Office 011,Group 025,FALSE,"["""", """", """", """", """", """", """"]",,No,55,12,43,2,1,8,20,3,,0003,A
user-00984,User 00984,Company 156,Office 108,Group 011,TRUE,"["""", """", """", """", """", """", """"]",,No,43,37,6,2,0,11,22,6,,0156,A
user-00985,User 00985,Company 105,Office 095,Group 007,FALSE,"["""", """", """", """", """", """", """"]",,No,44,19,25,1,0,14,17,0,,0105,M
user-00986,User 00986,Company 094,Office 033,Group 045,FALSE,"["""", ""6"", ""6"", ""6"", ""6"", ""6"", """"]",6,No,2,2,0,0,0,2,0,0,,0094,Z
user-00987,User 00987,Company 158,Office 004,Group 052,FALSE,"["""", """", """", """", """", """", """"]",,No,56,21,35,3,0,10,12,4,,0158,A
user-00988,User 00988,Company 063,Office 039,Group 009,FALSE,"["""", """", """", """", """", """", """"]",,No,53,19,34,7,0,14,15,5,,0063,M
user-00989,User 00989,Company 156,Office 004,Group 066,FALSE,"["""", """", """", """", """", """", """"]",,No,50,46,4,3,0,1,20,1,,0156,A
user-00990,User 00990,Company 006,Office 045,Group 084,FALSE,"["""", ""6"", ""6"", ""6"", ""6"", ""6"", """"]",6,No,37,30,7,4,0,13,12,3,,0006,B
user-00991,User 00991,Company 074,Office 004,Group 047,FALSE,"["""", """", """", """", """", """", """"]",,No,46,2,44,2,0,13,20,4,,0074,A
user-00992,User 00992,Company 042,Office 069,Group 073,TRUE,"["""", """", """", """", """", """", """"]",,No,39,30,9,5,0,16,21,2,,0042,M
user-00993,User 00993,Company 082,Office 073,Group 008,TRUE,"["""", """", """", """", """", """", """"]",,No,38,12,26,7,0,9,19,2,,0082,M
user-00994,User 00994,Company 075,Office 041,Group 028,FALSE,"["""", """", """", """", """", """", """"]",,No,46,9,37,1,0,0,9,1,,0075,A
user-00995,User 00995,Company 027,Office 073,Group 037,FALSE,"["""", """", """", """", """", """", """"]",,No,3,2,1,0,0,0,3,1,,0027,Z
user-00996,User 00996,Company 088,Office 073,Group 018,FALSE,"["""", """", """", """", """", """", """"]",,No,44,12,32,6,0,27,15,3,,0088,M
user-00997,User 00997,Company 012,Office 041,Group 075,FALSE,"["""", ""2"", ""2"", ""2"", ""2"", ""2"", """"]",2,No,3,1,2,0,0,3,0,0,,0012,Z
user-00998,User 00998,Company 111,Office 088,Group 018,FALSE,"["""", """", """", """", """", """", """"]",,No,62,19,43,1,0,1,13,4,,0111,A
user-00999,User 00999,Company 064,Office 115,Group 043,FALSE,"["""", ""3"", ""3"", ""3"", ""3"", ""3"", """"]",3,No,59,21,38,4,0,11,12,6,,0064,P
user-01000,User 01000,Company 107,Office 031,Group 005,FALSE,"["""", """", """", """", """", """", """"]",,No,4,3,1,2,0,2,6,0,,0107,Z
user-01001,User 01001,Company 056,Office 007,Group 047,FALSE,"["""", """", """", """", """", """", """"]",,No,38,18,20,3,0,18,6,2,,0056,M
user-01002,User 01002,Company 084,Office 029,Group 029,TRUE,"["""", """", """", """", """", """", """"]",,No,40,17,23,1,2,18,24,6,,0084,A
user-01003,User 01003,Company 049,Office 043,Group 077,FALSE,"["""", """", """", """", """", """", """"]",,No,47,34,13,3,0,2,22,4,,0049,A
user-01004,User 01004,Company 057,Office 024,Group 059,FALSE,"["""", """", """", """", """", """", """"]",,No,40,29,11,4,0,0,18,1,,0057,B
user-01005,User 01005,Company 011,Office 046,Group 064,FALSE,"["""", """", """", """", """", """", """"]",,No,49,28,21,0,0,11,23,5,,0011,A
user-01006,User 01006,Company 070,Office 042,Group 082,FALSE,"["""", """", """", """", """", """", """"]",,No,43,12,31,0,0,3,19,1,,0070,A
user-01007,User 01007,Company 165,Office 050,Group 033,FALSE,"["""", """", """", """", """", """", """"]",,No,34,7,27,7,0,13,11,1,,0165,M
user-01008,User 01008,Company 062,Office 108,Group 023,FALSE,"["""", """", """", """", """", """", """"]",,No,27,13,14,2,0,14,17,3,,0062,B
user-01009,User 01009,Company 040,Office 037,Group 036,FALSE,"["""", """", """", """", """", """", """"]",,No,32,26,6,2,0,10,16,4,,0040,A
user-01010,User 01010,Company 124,Office 041,Group 010,FALSE,"["""", """", """", """", """", """", """"]",,No,52,40,12,0,0,9,24,3,,0124,A
user-01011,User 01011,Company 134,Office 099,Group 027,FALSE,"["""", """", """", """", """", """", """"]",,No,42,12,30,5,0,9,21,1,,0134,A
user-01012,User 01012,Company 121,Office 056,Group 085,FALSE,"["""", """", """", """", """", """", """"]",,No,4,3,1,1,0,5,2,0,,0121,Z
user-01013,User 01013,Company 102,Office 049,Group 087,FALSE,"["""", """", """", """", """", """", """"]",,No,48,34,14,2,1,7,25,1,,0102,A
user-01014,User 01014,Company 090,Office 065,Group 017,FALSE,"["""", """", """", """", """", """", """"]",,No,26,10,16,3,0,16,19,1,,0090,B
user-01015,User 01015,Company 064,Office 053,Group 073,FALSE,"["""", """", """", """", """", """", """"]",,No,40,37,3,2,0,0,17,5,,0064,A
user-01016,User 01016,Company 017,Office 030,Group 035,FALSE,"["""", """", """", """", """", """", """"]",,No,15,4,11,1,0,0,21,2,,0017,C
user-01017,User 01017,Company 029,Office 088,Group 085,FALSE,"["""", """", """", """", """", """", """"]",,No,36,9,27,2,0,11,19,2,,0029,B
user-01018,User 01018,Company 106,Office 074,Group 065,FALSE,"["""", """", """", """", """", """", """"]",,No,48,5,43,3,0,6,19,3,,0106,A
user-01019,User 01019,Company 132,Office 102,Group 083,FALSE,"["""", """", """", """", """", """", """"]",,No,39,35,4,8,0,27,15,3,,0132,M
user-01020,User 01020,Company 131,Office 050,Group 055,FALSE,"["""", """", """", """", """", """", """"]",,No,36,31,5,7,1,21,13,0,,0131,M
user-01021,User 01021,Company 098,Office 049,Group 053,FALSE,"["""", """", """", """", """", """", """"]",,No,45,5,40,5,0,3,36,5,,0098,A
user-01022,User 01022,Company 120,Office 027,Group 003,TRUE,"["""", """", """", """", """", """", """"]",,No,18,17,1,1,0,3,21,3,,0120,C
user-01023,User 01023,Company 054,Office 081,Group 061,FALSE,"["""", """", """", """", """", """", """"]",,No,39,15,24,5,0,8,14,0,,0054,B
user-01024,User 01024,Company 138,Office 103,Group 036,FALSE,"["""", ""5"", ""5"", ""5"", ""5"", ""5"", """"]",5,No,57,50,7,1,0,0,25,2,,0138,A
user-01025,User 01025,Company 072,Office 110,Group 077,TRUE,"["""", """", """", """", """", """", """"]",,No,44,18,26,2,0,2,19,3,,0072,A
user-01026,User 01026,Company 002,Office 081,Group 041,FALSE,"["""", """", """", """", """", """", """"]",,No,44,22,22,1,0,0,8,1,,0002,X
user-01027,User 01027,Company 034,Office 058,Group 082,FALSE,"["""", """", """", """", """", """", """"]",,No,40,28,12,1,0,10,15,1,,0034,A
user-01028,User 01028,Company 121,Office 109,Group 076,FALSE,"["""", ""5"", ""5"", ""5"", ""5"", ""5"", """"]",5,No,29,28,1,4,0,9,15,0,,0121,B
user-01029,User 01029,Company 122,Office 037,Group 054,FALSE,"["""", """", """", """", """", """", """"]",,No,3,0,3,0,0,0,8,0,,0122,Z
user-01030,User 01030,Company 149,Office 062,Group 009,FALSE,"["""", """", """", """", """", """", """"]",,No,41,11,30,3,0,8,15,3,,0149,B
user-01031,User 01031,Company 160,Office 047,Group 090,FALSE,"["""", """", """", """", """", """", """"]",,No,7,1,6,0,0,2,6,1,,0160,Z
user-01032,User 01032,Company 115,Office 110,Group 007,FALSE,"["""", """", """", """", """", """", """"]",,No,43,36,7,0,0,0,21,3,,0115,A
user-01033,User 01033,Company 045,Office 116,Group 076,FALSE,"["""", """", """", """", """", """", """"]",,No,4,0,4,0,0,8,4,1,,0045,Z
user-01034,User 01034,Company 024,Office 116,Group 051,FALSE,"["""", ""1"", ""1"", ""1"", ""1"", ""1"", """"]",1,No,58,18,40,1,0,0,19,0,,0024,A
user-01035,User 01035,Company 064,Office 061,Group 054,FALSE,"["""", """", """", """", """", """", """"]",,No,54,43,11,0,0,4,24,3,,0064,A
user-01036,User 01036,Company 109,Office 008,Group 012,FALSE,"["""", """", """", """", """", """", """"]",,No,46,1,45,0,0,2,17,1,,0109,A
user-01037,User 01037,Company 109,Office 095,Group 022,FALSE,"["""", ""4"", ""4"", ""4"", ""4"", ""4"", """"]",4,No,37,10,27,3,1,20,17,1,,0109,B
user-01038,User 01038,Company 115,Office 054,Group 036,FALSE,"["""", """", """", """", """", """", """"]",,No,1,1,0,1,0,15,0,0,,0115,Z
user-01039,User 01039,Company 006,Office 058,Group 055,FALSE,"["""", """", """", """", """", """", """"]",,No,33,12,21,6,0,16,26,2,,0006,B
user-01040,User 01040,Company 161,Office 085,Group 053,FALSE,"["""", """", """", """", """", """", """"]",,No,13,2,11,0,0,11,15,2,,0161,C
user-01041,User 01041,Company 144,Office 106,Group 017,FALSE,"["""", """", """", """", """", """", """"]",,No,42,28,14,3,0,6,11,5,,0144,A
user-01042,User 01042,Company 002,Office 069,Group 003,FALSE,"["""", """", """", """", """", """", """"]",,No,25,5,20,2,0,1,22,0,,0002,C
user-01043,User 01043,Company 099,Office 028,Group 009,TRUE,"["""", """", """", """", """", """", """"]",,No,41,38,3,2,0,9,22,2,,0099,A
user-01044,User 01044,Company 174,Office 070,Group 022,FALSE,"["""", ""4"", ""4"", ""4"", ""4"", ""4"", """"]",4,No,3,1,2,0,0,10,0,0,,0174,Z
user-01045,User 01045,Company 009,Office 094,Group 054,FALSE,"["""", """", """", """", """", """", """"]",,No,4,1,3,1,0,0,5,2,,0009,Z
user-01046,User 01046,Company 057,Office 029,Group 057,FALSE,"["""", """", """", """", """", """", """"]",,No,14,3,11,2,0,4,25,1,,0057,C
user-01047,User 01047,Company 117,Office 068,Group 020,FALSE,"["""", """", """", """", """", """", """"]",,No,52,41,11,6,0,0,19,1,,0117,A
user-01048,User 01048,Company 014,Office 028,Group 005,TRUE,"["""", """", """", """", """", """", """"]",,No,53,8,45,4,0,4,20,1,,0014,A
user-01049,User 01049,Company 127,Office 092,Group 040,FALSE,"["""", """", """", """", """", """", """"]",,No,48,6,42,1,0,0,20,6,,0127,A
user-01050,User 01050,Company 121,Office 106,Group 070,FALSE,"["""", """", """", """", """", """", """"]",,No,1,0,1,0,0,7,1,0,,0121,Z
user-01051,User 01051,Company 023,Office 049,Group 049,FALSE,"["""", """", """", """", """", """", """"]",,No,33,33,0,5,1,14,23,0,,0023,B
user-01052,User 01052,Company 046,Office 081,Group 087,FALSE,"["""", """", """", """", """", """", """"]",,No,67,41,26,6,0,0,23,0,,0046,A
user-01053,User 01053,Company 054,Office 083,Group 071,FALSE,"["""", """", """", """", """", """", """"]",,No,4,4,0,2,0,7,9,1,,0054,Z
user-01054,User 01054,Company 173,Office 055,Group 034,FALSE,"["""", ""3"", ""3"", ""3"", ""3"", ""3"", """"]",3,No,41,3,38,0,0,1,25,3,,0173,A
user-01055,User 01055,Company 085,Office 045,Group 011,FALSE,"["""", ""6"", ""6"", ""6"", ""6"", ""6"", """"]",6,No,16,5,11,1,0,7,20,0,,0085,C
user-01056,User 01056,Company 125,Office 117,Group 085,FALSE,"["""", """", """", """", """", """", """"]",,No,31,25,6,3,0,3,21,1,,0125,B
user-01057,User 01057,Company 088,Office 043,Group 045,FALSE,"["""", ""5"", ""5"", ""5"", ""5"", ""5"", """"]",5,No,18,6,12,2,0,5,13,2,,0088,C
user-01058,User 01058,Company 084,Office 109,Group 033,FALSE,"["""", """", """", """", """", """", """"]",,No,4,1,3,0,0,1,1,0,,0084,Z
user-01059,User 01059,Company 011,Office 087,Group 072,FALSE,"["""", """", """", """", """", """", """"]",,No,36,31,5,6,0,8,10,0,,0011,B
user-01060,User 01060,Company 076,Office 040,Group 021,FALSE,"["""", ""6"", ""6"", ""6"", ""6"", ""6"", """"]",6,No,44,32,12,3,0,9,13,3,,0076,A
user-01061,User 01061,Company 159,Office 108,Group 001,FALSE,"["""", """", """", """", """", """", """"]",,No,1,0,1,0,0,2,0,3,,0159,Z
user-01062,User 01062,Company 179,Office 109,Group 081,FALSE,"["""", """", """", """", """", """", """"]",,No,44,41,3,0,0,13,20,0,,0179,A
user-01063,User 01063,Company 149,Office 063,Group 012,TRUE,"["""", """", """", """", """", """", """"]",,No,46,24,22,2,0,13,30,2,,0149,A
user-01064,User 01064,Company 091,Office 043,Group 089,FALSE,"["""", """", """", """", """", """", """"]",,No,2,0,2,0,0,0,7,2,,0091,Z
user-01065,User 01065,Company 166,Office 024,Group 005,FALSE,"["""", """", """", """", """", """", """"]",,No,34,20,14,3,0,16,16,2,,0166,B
user-01066,User 01066,Company 011,Office 020,Group 084,FALSE,"["""", """", """", """", """", """", """"]",,No,44,6,38,0,2,10,16,0,,0011,X
user-01067,User 01067,Company 060,Office 028,Group 054,FALSE,"["""", """", """", """", """", """", """"]",,No,14,13,1,0,0,7,28,0,,0060,C
user-01068,User 01068,Company 053,Office 085,Group 039,TRUE,"["""", """", """", """", """", """", """"]",,No,51,2,49,1,0,11,20,0,,0053,A
user-01069,User 01069,Company 072,Office 035,Group 073,FALSE,"["""", """", """", """", """", """", """"]",,Yes,52,5,47,3,0,6,22,5,,0072,A
user-01070,User 01070,Company 119,Office 076,Group 032,FALSE,"["""", """", """", """", """", """", """"]",,No,20,7,13,1,0,5,25,1,,0119,C
user-01071,User 01071,Company 009,Office 026,Group 071,FALSE,"["""", """", """", """", """", """", """"]",,No,2,2,0,1,0,10,12,1,,0009,Z
user-01072,User 01072,Company 145,Office 116,Group 068,FALSE,"["""", """", """", """", """", """", """"]",,No,15,10,5,3,0,4,25,2,,0145,C
user-01073,User 01073,Company 059,Office 029,Group 041,FALSE,"["""", """", """", """", """", """", """"]",,No,1,1,0,1,0,10,8,2,,0059,Z
user-01074,User 01074,Company 014,Office 042,Group 056,FALSE,"["""", """", """", """", """", """", """"]",,No,40,6,34,2,0,9,28,0,,0014,A
user-01075,User 01075,Company 146,Office 084,Group 070,TRUE,"["""", """", """", """", """", """", """"]",,No,54,48,6,6,0,9,25,5,,0146,A
user-01076,User 01076,Company 081,Office 056,Group 071,FALSE,"["""", """", """", """", """", """", """"]",,No,31,9,22,1,2,13,11,2,,0081,X
user-01077,User 01077,Company 129,Office 071,Group 081,FALSE,"["""", ""2"", ""2"", ""2"", ""2"", ""2"", """"]",2,No,53,12,41,8,0,15,15,2,,0129,M
user-01078,User 01078,Company 121,Office 091,Group 007,FALSE,"["""", """", """", """", """", """", """"]",,No,32,25,7,2,0,12,9,2,,0121,B
user-01079,User 01079,Company 030,Office 052,Group 004,FALSE,"["""", """", """", """", """", """", """"]",,No,41,12,29,1,0,14,19,4,,0030,A
user-01080,User 01080,Company 132,Office 104,Group 025,FALSE,"["""", """", """", """", """", """", """"]",,No,14,7,7,1,0,3,16,0,,0132,C
user-01081,User 01081,Company 117,Office 108,Group 090,TRUE,"["""", ""2"", ""2"", ""2"", ""2"", ""2"", """"]",2,No,29,12,17,4,0,12,16,0,,0117,B
user-01082,User 01082,Company 113,Office 056,Group 068,FALSE,"["""", """", """", """", """", """", """"]",,No,30,21,9,2,2,11,15,4,,0113,B
user-01083,User 01083,Company 006,Office 086,Group 040,FALSE,"["""", """", """", """", """", """", """"]",,No,5,3,2,1,0,1,4,1,,0006,Z
user-01084,User 01084,Company 079,Office 111,Group 051,FALSE,"["""", """", """", """", """", """", """"]",,No,47,2,45,2,0,6,25,2,,0079,A
user-01085,User 01085,Company 062,Office 115,Group 026,FALSE,"["""", """", """", """", """", """", """"]",,No,52,18,34,4,0,5,27,3,,0062,A
user-01086,User 01086,Company 144,Office 073,Group 083,FALSE,"["""", """", """", """", """", """", """"]",,No,1,1,0,1,0,4,0,0,,0144,Z
user-01087,User 01087,Company 005,Office 096,Group 028,FALSE,"["""", """", """", """", """", """", """"]",,No,46,22,24,1,0,4,25,1,,0005,A
user-01088,User 01088,Company 082,Office 070,Group 085,TRUE,"["""", ""6"", ""6"", ""6"", ""6"", ""6"", """"]",6,No,41,10,31,2,0,5,18,2,,0082,A
user-01089,User 01089,Company 148,Office 028,Group 078,FALSE,"["""", """", """", """", """", """", """"]",,No,44,28,16,3,0,11,20,2,,0148,A
user-01090,User 01090,Company 039,Office 056,Group 055,FALSE,"["""", """", """", """", """", """", """"]",,No,28,28,0,3,0,10,15,3,,0039,B
user-01091,User 01091,Company 101,Office 036,Group 066,FALSE,"["""", """", """", """", """", """", """"]",,No,52,43,9,1,0,0,35,0,,0101,A
user-01092,User 01092,Company 100,Office 107,Group 080,FALSE,"["""", """", """", """", """", """", """"]",,No,52,7,45,6,1,4,17,0,,0100,A
user-01093,User 01093,Company 091,Office 042,Group 076,FALSE,"["""", """", """", """", """", """", """"]",,No,49,44,5,2,0,4,24,5,,0091,A
user-01094,User 01094,Company 087,Office 090,Group 075,FALSE,"["""", """", """", """", """", """", """"]",,No,3,3,0,0,0,3,9,0,,0087,Z
user-01095,User 01095,Company 060,Office 001,Group 032,FALSE,"["""", """", """", """", """", """", """"]",,No,40,37,3,2,0,15,10,1,,0060,P
user-01096,User 01096,Company 066,Office 087,Group 078,FALSE,"["""", """", """", """", """", """", """"]",,No,52,40,12,2,0,0,12,4,,0066,A
user-01097,User 01097,Company 054,Office 021,Group 035,FALSE,"["""", """", """", """", """", """", """"]",,No,47,36,11,2,0,5,28,1,,0054,A
user-01098,User 01098,Company 168,Office 009,Group 010,FALSE,"["""", """", """", """", """", """", """"]",,No,47,15,32,4,0,7,24,3,,0168,A
user-01099,User 01099,Company 140,Office 080,Group 063,FALSE,"["""", """", """", """", """", """", """"]",,No,12,8,4,0,0,6,18,1,,0140,C
user-01100,User 01100,Company 048,Office 113,Group 011,FALSE,"["""", ""3"", ""3"", ""3"", ""3"", ""3"", """"]",3,No,0,0,0,0,0,1,0,0,,0048,Z
user-01101,User 01101,Company 107,Office 069,Group 017,FALSE,"["""", """", """", """", """", """", """"]",,No,40,26,14,2,0,2,31,0,,0107,A
user-01102,User 01102,Company 158,Office 036,Group 009,FALSE,"["""", """", """", """", """", """", """"]",,No,47,13,34,1,0,0,22,2,,0158,A
user-01103,User 01103,Company 084,Office 100,Group 039,FALSE,"["""", """", """", """", """", """", """"]",,No,59,14,45,2,0,4,18,0,,0084,A
user-01104,User 01104,Company 152,Office 060,Group 014,FALSE,"["""", """", """", """", """", """", """"]",,No,19,9,10,2,0,1,23,0,,0152,C
user-01105,User 01105,Company 154,Office 075,Group 045,FALSE,"["""", """", """", """", """", """", """"]",,No,41,29,12,2,0,2,17,2,,0154,A
user-01106,User 01106,Company 164,Office 108,Group 042,FALSE,"["""", """", """", """", """", """", """"]",,No,53,50,3,1,0,5,21,6,,0164,A
user-01107,User 01107,Company 149,Office 003,Group 084,FALSE,"["""", """", """", """", """", """", """"]",,No,5,2,3,0,0,6,1,0,,0149,Z
user-01108,User 01108,Company 012,Office 002,Group 064,FALSE,"["""", """", """", """", """", """", """"]",,No,18,12,6,1,0,0,16,2,,0012,C
user-01109,User 01109,Company 078,Office 117,Group 086,TRUE,"["""", """", """", """", """", """", """"]",,No,47,26,21,4,0,10,13,2,,0078,A
user-01110,User 01110,Company 165,Office 109,Group 009,FALSE,"["""", """", """", """", """", """", """"]",,No,34,7,27,4,0,13,19,1,,0165,B
user-01111,User 01111,Company 150,Office 062,Group 072,FALSE,"["""", """", """", """", """", """", """"]",,No,34,24,10,5,0,12,23,1,,0150,B
user-01112,User 01112,Company 131,Office 009,Group 040,TRUE,"["""", """", """", """", """", """", """"]",,No,1,1,0,0,0,0,0,0,,0131,Z
user-01113,User 01113,Company 138,Office 098,Group 058,FALSE,"["""", """", """", """", """", """", """"]",,No,34,28,6,8,0,9,8,0,,0138,M
user-01114,User 01114,Company 028,Office 066,Group 067,FALSE,"["""", """", """", """", """", """", """"]",,No,57,41,16,1,0,4,18,0,,0028,A
user-01115,User 01115,Company 140,Office 011,Group 009,FALSE,"["""", """", """", """", """", """", """"]",,No,39,38,1,2,0,4,20,0,,0140,A
user-01116,User 01116,Company 019,Office 070,Group 086,TRUE,"["""", ""6"", ""6"", ""6"", ""6"", ""6"", """"]",6,No,32,23,9,7,0,7,21,1,,0019,B
user-01117,User 01117,Company 082,Office 066,Group 078,FALSE,"["""", """", """", """", """", """", """"]",,No,51,36,15,4,0,7,23,2,,0082,A
user-01118,User 01118,Company 023,Office 049,Group 065,FALSE,"["""", """", """", """", """", """", """"]",,No,57,55,2,4,0,9,23,3,,0023,A
user-01119,User 01119,Company 127,Office 013,Group 090,FALSE,"["""", """", """", """", """", """", """"]",,No,22,4,18,2,0,13,13,2,,0127,B
user-01120,User 01120,Company 029,Office 007,Group 063,FALSE,"["""", ""5"", ""5"", ""5"", ""5"", ""5"", """"]",5,No,45,24,21,11,2,8,12,0,,0029,M
user-01121,User 01121,Company 128,Office 039,Group 062,FALSE,"["""", """", """", """", """", """", """"]",,No,0,0,0,0,0,1,0,0,,0128,Z
user-01122,User 01122,Company 099,Office 099,Group 061,FALSE,"["""", """", """", """", """", """", """"]",,No,3,2,1,0,1,13,0,1,,0099,Z
user-01123,User 01123,Company 070,Office 058,Group 083,FALSE,"["""", """", """", """", """", """", """"]",,No,4,3,1,0,0,3,11,1,,0070,Z
user-01124,User 01124,Company 005,Office 085,Group 035,FALSE,"["""", """", """", """", """", """", """"]",,No,42,27,15,10,2,19,14,2,,0005,M
user-01125,User 01125,Company 049,Office 002,Group 079,FALSE,"["""", """", """", """", """", """", """"]",,No,28,11,17,1,0,10,9,0,,0049,B
user-01126,User 01126,Company 065,Office 085,Group 011,FALSE,"["""", """", """", """", """", """", """"]",,No,29,14,15,3,0,14,19,2,,0065,B
user-01127,User 01127,Company 085,Office 119,Group 015,FALSE,"["""", """", """", """", """", """", """"]",,No,41,28,13,10,0,21,11,1,,0085,M
user-01128,User 01128,Company 153,Office 102,Group 038,FALSE,"["""", """", """", """", """", """", """"]",,No,39,12,27,1,0,20,16,2,,0153,A
user-01129,User 01129,Company 167,Office 020,Group 078,FALSE,"["""", ""3"", ""3"", ""3"", ""3"", ""3"", """"]",3,No,2,2,0,0,0,0,7,0,,0167,Z
user-01130,User 01130,Company 142,Office 058,Group 039,FALSE,"["""", """", """", """", """", """", """"]",,No,59,26,33,2,0,9,18,2,,0142,A
user-01131,User 01131,Company 018,Office 095,Group 050,FALSE,"["""", """", """", """", """", """", """"]",,No,50,25,25,4,0,2,16,5,,0018,A
user-01132,User 01132,Company 114,Office 109,Group 049,FALSE,"["""", """", """", """", """", """", """"]",,No,44,17,27,6,0,14,24,2,,0114,M
user-01133,User 01133,Company 008,Office 045,Group 049,FALSE,"["""", """", """", """", """", """", """"]",,No,43,10,33,1,0,6,11,4,,0008,P
user-01134,User 01134,Company 172,Office 112,Group 003,TRUE,"["""", """", """", """", """", """", """"]",,No,50,44,6,2,0,2,25,2,,0172,A
user-01135,User 01135,Company 064,Office 003,Group 065,FALSE,"["""", """", """", """", """", """", """"]",,No,51,18,33,5,1,11,18,0,,0064,A
user-01136,User 01136,Company 073,Office 045,Group 076,FALSE,"["""", """", """", """", """", """", """"]",,No,41,11,30,1,0,10,15,0,,0073,A
user-01137,User 01137,Company 128,Office 048,Group 006,FALSE,"["""", """", """", """", """", """", """"]",,No,49,34,15,3,0,11,19,3,,0128,A
user-01138,User 01138,Company 087,Office 105,Group 039,FALSE,"["""", ""5"", ""5"", ""5"", ""5"", ""5"", """"]",5,No,41,40,1,1,0,0,23,2,,0087,A
user-01139,User 01139,Company 069,Office 103,Group 024,FALSE,"["""", ""6"", ""6"", ""6"", ""6"", ""6"", """"]",6,No,59,26,33,1,0,12,18,1,,0069,A
user-01140,User 01140,Company 111,Office 117,Group 071,TRUE,"["""", """", """", """", """", """", """"]",,No,49,38,11,0,0,12,30,0,,0111,A
user-01141,User 01141,Company 034,Office 119,Group 014,FALSE,"["""", """", """", """", """", """", """"]",,No,17,16,1,3,0,2,23,0,,0034,C
user-01142,User 01142,Company 152,Office 030,Group 081,TRUE,"["""", """", """", """", """", """", """"]",,No,36,36,0,2,0,15,33,1,,0152,B
user-01143,User 01143,Company 007,Office 063,Group 023,FALSE,"["""", """", """", """", """", """", """"]",,No,45,43,2,2,0,4,19,7,,0007,A
user-01144,User 01144,Company 001,Office 114,Group 074,FALSE,"["""", """", """", """", """", """", """"]",,No,37,2,35,1,0,9,32,0,,0001,A
user-01145,User 01145,Company 109,Office 080,Group 063,FALSE,"["""", """", """", """", """", """", """"]",,No,1,0,1,0,0,3,5,2,,0109,Z
user-01146,User 01146,Company 131,Office 006,Group 009,TRUE,"["""", """", """", """", """", """", """"]",,No,20,11,9,2,0,13,6,0,,0131,C
user-01147,User 01147,Company 122,Office 027,Group 072,FALSE,"["""", """", """", """", """", """", """"]",,No,44,1,43,0,0,6,17,0,,0122,A
user-01148,User 01148,Company 177,Office 065,Group 074,FALSE,"["""", """", """", """", """", """", """"]",,No,55,54,1,3,0,9,15,1,,0177,A
user-01149,User 01149,Company 171,Office 108,Group 088,FALSE,"["""", """", """", """", """", """", """"]",,No,3,1,2,0,0,3,1,0,,0171,Z
user-01150,User 01150,Company 141,Office 012,Group 011,FALSE,"["""", """", """", """", """", """", """"]",,No,0,0,0,0,0,12,10,0,,0141,Z
user-01151,User 01151,Company 008,Office 036,Group 076,FALSE,"["""", """", """", """", """", """", """"]",,No,0,0,0,0,0,4,3,4,,0008,Z
user-01152,User 01152,Company 091,Office 086,Group 082,FALSE,"["""", """", """", """", """", """", """"]",,Yes,2,2,0,1,0,0,3,0,,0091,Z
user-01153,User 01153,Company 012,Office 091,Group 089,TRUE,"["""", """", """", """", """", """", """"]",,No,52,26,26,1,0,5,27,7,,0012,A
user-01154,User 01154,Company 042,Office 069,Group 041,FALSE,"["""", """", """", """", """", """", """"]",,No,33,27,6,5,0,25,27,0,,0042,B
user-01155,User 01155,Company 179,Office 114,Group 003,FALSE,"["""", """", """", """", """", """", """"]",,No,43,27,16,2,0,0,25,7,,0179,A
user-01156,User 01156,Company 167,Office 013,Group 072,FALSE,"["""", """", """", """", """", """", """"]",,No,47,30,17,0,0,4,18,0,,0167,A
user-01157,User 01157,Company 047,Office 057,Group 032,FALSE,"["""", """", """", """", """", """", """"]",,No,36,35,1,5,0,12,7,0,,0047,B
user-01158,User 01158,Company 098,Office 110,Group 081,FALSE,"["""", """", """", """", """", """", """"]",,No,29,11,18,2,1,12,21,3,,0098,B
user-01159,User 01159,Company 160,Office 009,Group 010,TRUE,"["""", """", """", """", """", """", """"]",,No,8,7,1,5,0,9,9,1,,0160,Z
user-01160,User 01160,Company 026,Office 083,Group 006,FALSE,"["""", """", """", """", """", """", """"]",,No,4,1,3,1,0,11,17,0,,0026,Z
user-01161,User 01161,Company 079,Office 011,Group 072,FALSE,"["""", """", """", """", """", """", """"]",,No,45,17,28,2,0,10,26,3,,0079,A
user-01162,User 01162,Company 090,Office 043,Group 071,FALSE,"["""", """", """", """", """", """", """"]",,No,12,11,1,1,0,2,22,0,,0090,C
user-01163,User 01163,Company 054,Office 025,Group 055,FALSE,"["""", """", """", """", """", """", """"]",,No,50,43,7,2,0,8,22,2,,0054,A
user-01164,User 01164,Company 016,Office 024,Group 035,FALSE,"["""", """", """", """", """", """", """"]",,No,30,24,6,3,0,9,14,3,,0016,B
user-01165,User 01165,Company 114,Office 084,Group 070,FALSE,"["""", """", """", """", """", """", """"]",,No,52,39,13,0,1,7,23,3,,0114,A
user-01166,User 01166,Company 008,Office 103,Group 079,FALSE,"["""", """", """", """", """", """", """"]",,No,3,1,2,0,0,7,8,0,,0008,Z
user-01167,User 01167,Company 032,Office 108,Group 068,FALSE,"["""", """", """", """", """", """", """"]",,No,32,18,14,1,0,13,20,1,,0032,B
user-01168,User 01168,Company 096,Office 018,Group 027,FALSE,"["""", """", """", """", """", """", """"]",,Yes,44,31,13,7,0,4,16,3,,0096,B
user-01169,User 01169,Company 071,Office 047,Group 062,FALSE,"["""", """", """", """", """", """", """"]",,No,50,31,19,2,1,5,19,0,,0071,A
user-01170,User 01170,Company 139,Office 022,Group 040,FALSE,"["""", """", """", """", """", """", """"]",,No,14,13,1,0,0,10,21,0,,0139,C
user-01171,User 01171,Company 001,Office 102,Group 072,FALSE,"["""", """", """", """", """", """", """"]",,No,49,13,36,5,0,10,25,3,,0001,A
user-01172,User 01172,Company 079,Office 040,Group 059,FALSE,"["""", """", """", """", """", """", """"]",,No,3,3,0,1,0,0,6,0,,0079,Z
user-01173,User 01173,Company 169,Office 023,Group 015,FALSE,"["""", """", """", """", """", """", """"]",,No,53,31,22,4,0,4,15,5,,0169,P
user-01174,User 01174,Company 150,Office 096,Group 012,FALSE,"["""", """", """", """", """", """", """"]",,No,45,23,22,3,0,17,15,0,,0150,B
user-01175,User 01175,Company 042,Office 060,Group 008,FALSE,"["""", """", """", """", """", """", """"]",,No,36,15,21,3,0,0,25,3,,0042,B
user-01176,User 01176,Company 096,Office 072,Group 010,FALSE,"["""", """", """", """", """", """", """"]",,No,39,30,9,7,0,9,11,0,,0096,M
user-01177,User 01177,Company 180,Office 014,Group 055,FALSE,"["""", """", """", """", """", """", """"]",,No,36,15,21,5,0,20,16,2,,0180,M
user-01178,User 01178,Company 045,Office 047,Group 042,FALSE,"["""", """", """", """", """", """", """"]",,No,2,0,2,0,0,0,5,0,,0045,Z
user-01179,User 01179,Company 030,Office 066,Group 067,FALSE,"["""", """", """", """", """", """", """"]",,No,41,21,20,8,0,7,17,2,,0030,B
user-01180,User 01180,Company 140,Office 029,Group 088,FALSE,"["""", """", """", """", """", """", """"]",,No,37,36,1,5,0,14,18,2,,0140,B
user-01181,User 01181,Company 025,Office 049,Group 025,FALSE,"["""", """", """", """", """", """", """"]",,No,42,13,29,1,0,5,23,1,,0025,A
user-01182,User 01182,Company 080,Office 064,Group 013,TRUE,"["""", """", """", """", """", """", """"]",,No,46,23,23,3,0,7,22,3,,0080,A
user-01183,User 01183,Company 126,Office 011,Group 019,FALSE,"["""", """", """", """", """", """", """"]",,No,57,57,0,4,0,9,23,0,,0126,A
user-01184,User 01184,Company 143,Office 112,Group 075,FALSE,"["""", """", """", """", """", """", """"]",,No,30,4,26,3,0,8,12,0,,0143,B
user-01185,User 01185,Company 089,Office 011,Group 073,FALSE,"["""", """", """", """", """", """", """"]",,No,53,47,6,4,0,6,25,2,,0089,A
user-01186,User 01186,Company 178,Office 008,Group 015,FALSE,"["""", """", """", """", """", """", """"]",,No,56,31,25,2,0,4,28,0,,0178,A
user-01187,User 01187,Company 085,Office 112,Group 004,FALSE,"["""", """", """", """", """", """", """"]",,No,58,35,23,3,0,7,8,1,,0085,A
user-01188,User 01188,Company 164,Office 091,Group 039,FALSE,"["""", """", """", """", """", """", """"]",,No,26,13,13,4,1,11,10,4,,0164,M
user-01189,User 01189,Company 084,Office 059,Group 034,FALSE,"["""", """", """", """", """", """", """"]",,No,43,31,12,2,0,1,14,6,,0084,A
user-01190,User 01190,Company 093,Office 040,Group 050,FALSE,"["""", """", """", """", """", """", """"]",,No,28,3,25,3,0,11,22,3,,0093,B
user-01191,User 01191,Company 127,Office 037,Group 007,FALSE,"["""", """", """", """", """", """", """"]",,No,60,18,42,2,0,0,25,0,,0127,A
user-01192,User 01192,Company 060,Office 059,Group 066,FALSE,"["""", """", """", """", """", """", """"]",,No,46,45,1,2,0,5,14,1,,0060,P
user-01193,User 01193,Company 074,Office 020,Group 080,FALSE,"["""", """", """", """", """", """", """"]",,No,41,41,0,2,0,15,12,1,,0074,A
user-01194,User 01194,Company 150,Office 005,Group 063,FALSE,"["""", """", """", """", """", """", """"]",,Yes,3,3,0,1,0,1,0,1,,0150,Z
user-01195,User 01195,Company 024,Office 038,Group 022,FALSE,"["""", """", """", """", """", """", """"]",,No,34,16,18,2,0,12,14,4,,0024,B
user-01196,User 01196,Company 129,Office 004,Group 052,FALSE,"["""", """", """", """", """", """", """"]",,No,0,0,0,0,0,7,7,0,,0129,Z
user-01197,User 01197,Company 136,Office 036,Group 030,FALSE,"["""", ""6"", ""6"", ""6"", ""6"", ""6"", """"]",6,No,57,30,27,1,0,7,17,1,,0136,A
user-01198,User 01198,Company 131,Office 090,Group 074,FALSE,"["""", """", """", """", """", """", """"]",,Yes,50,22,28,4,0,0,27,3,,0131,A
user-01199,User 01199,Company 026,Office 096,Group 017,FALSE,"["""", """", """", """", """", """", """"]",,No,1,1,0,1,0,8,7,2,,0026,Z
user-01200,User 01200,Company 070,Office 072,Group 034,FALSE,"["""", """", """", """", """", """", """"]",,No,36,12,24,3,0,1,30,0,,0070,B
